,OverallQual,GrLivArea,GarageCars,TotalBsmtSF,FullBath,YearBuilt,HasBsmt
0,7,7.444248649496705,2,6.752270376141742,2,2003,1
1,6,7.140453043101158,2,7.140453043101158,2,1976,1
2,7,7.487733761436444,2,6.824373670043086,2,2001,1
3,7,7.448333860897476,3,6.628041376179533,1,1915,1
4,8,7.6953031349635665,3,7.0431599159883405,2,2000,1
5,5,7.216709486709457,2,6.679599185844383,1,1993,1
6,8,7.434847875211999,2,7.430114138561801,2,2004,1
7,7,7.644919344958857,2,7.009408932708637,2,1973,1
8,7,7.480992162869525,2,6.858565034791365,2,1931,1
9,5,6.981934677156389,1,6.898714534329988,1,1939,1
10,5,6.946975992135418,1,6.946975992135418,1,1965,1
11,9,7.751045117971802,3,7.069023426578259,3,2005,1
12,5,6.815639990074331,1,6.815639990074331,1,1962,1
13,7,7.309212365692763,3,7.309212365692763,2,2006,1
14,6,7.133295954896068,1,7.133295954896068,1,1960,1
15,7,6.74993119378857,2,6.723832440821209,1,1929,1
16,6,6.911747300251674,2,6.911747300251674,1,1970,1
17,4,7.16703787691222,2,0.0,2,1967,0
18,5,7.01571242048723,2,7.01571242048723,1,2004,1
19,5,7.199678345691172,1,6.9363427358340495,1,1958,1
20,8,7.773173680482536,3,7.05444965813294,3,2005,1
21,7,7.010311867307229,1,6.456769655572163,1,1930,1
22,8,7.492760300922379,2,7.482681828154651,2,2002,1
23,5,6.966024187106113,2,6.946975992135418,1,1976,1
24,5,6.966024187106113,1,6.966024187106113,1,1968,1
25,8,7.3777589082278725,3,7.356279876550748,2,2007,1
26,5,6.802394763324311,2,6.802394763324311,1,1951,1
27,8,7.440733707389261,3,7.440733707389261,2,2007,1
28,5,7.3777589082278725,1,7.302496423727326,1,1957,1
29,4,6.253828811575473,1,6.253828811575473,1,1927,1
30,4,7.183111701743281,1,6.47543271670409,1,1920,1
31,5,7.113142108707088,1,7.113142108707088,1,1966,1
32,8,7.1180162044653335,2,7.1180162044653335,2,2007,1
33,5,7.438383530044307,2,7.242797922793756,1,1959,1
34,9,7.353081920515432,2,7.353081920515432,2,2005,1
35,8,7.804659297056102,3,7.018401799069201,3,2004,1
36,5,7.00033446027523,2,7.00033446027523,1,1994,1
37,5,7.167809184316444,2,7.167809184316444,1,1954,1
38,5,6.963189985870238,1,6.963189985870238,1,1953,1
39,4,7.049254841255837,0,0.0,2,1955,0
40,6,7.188412736496954,2,6.992096427415888,2,1965,1
41,5,7.191429330036379,1,7.2078598714324755,1,1959,1
42,5,6.784457062637643,2,6.733401891837359,1,1983,1
43,5,6.843749949006225,1,6.843749949006225,1,1975,1
44,5,7.047517221357296,1,7.047517221357296,1,1959,1
45,9,7.468513271496337,2,7.468513271496337,2,2005,1
46,7,7.67275789664251,2,7.2682230211595655,1,2003,1
47,8,7.412160334945205,3,7.412160334945205,2,2006,1
48,4,7.280697195384741,0,6.601230118728877,2,1920,1
49,5,6.86171134048073,1,6.86171134048073,1,1966,1
50,6,7.293017679772782,2,6.677083461247136,2,1997,1
51,6,7.069874128458572,2,6.704414354964107,1,1934,1
52,5,6.704414354964107,2,6.704414354964107,1,1963,1
53,9,7.518607216815252,3,7.518607216815252,0,1981,1
54,5,7.215239978730097,2,5.950642552587727,1,1955,1
55,6,7.261927092702751,2,7.261927092702751,2,1964,1
56,8,7.461065514354283,2,6.877296071497429,2,1999,1
57,7,7.450079569807499,2,6.756932389247553,2,2004,1
58,10,7.987864096085687,3,7.251344983372214,3,2006,1
59,5,6.659293919683638,1,6.659293919683638,1,1972,1
60,6,7.05444965813294,2,7.05444965813294,1,2004,1
61,5,7.01301578963963,1,6.272877006546167,1,1920,1
62,8,7.222566018822171,2,7.222566018822171,2,2006,1
63,7,7.444248649496705,2,6.3561076606958915,2,1921,1
64,7,7.617759576608505,2,6.963189985870238,2,1997,1
65,8,7.813187267521416,3,7.04141166379481,2,2004,1
66,7,7.699389406256737,2,7.5740450053721995,2,1970,1
67,7,7.2991214627108,2,7.2813856635702825,2,2003,1
68,4,6.616065185132817,1,6.616065185132817,1,1945,1
69,7,7.734996194022781,2,7.1731917424865985,2,1953,1
70,7,7.706612913964197,2,7.706612913964197,2,1973,1
71,4,6.739336627357174,2,6.739336627357174,1,1982,1
72,7,7.4489161025442,2,6.723832440821209,2,1998,1
73,5,6.990256500493881,2,6.990256500493881,1,1954,1
74,3,7.380879035564116,1,6.733401891837359,2,1915,1
75,4,6.895682697747868,1,6.135564891081739,1,1973,1
76,4,6.858565034791365,1,6.858565034791365,1,1956,1
77,5,7.158513997329321,1,6.51025834052315,1,1948,1
78,4,7.477604243197589,0,7.477604243197589,2,1968,1
79,5,7.114769448366463,2,6.0867747269123065,1,1910,1
80,6,7.669495251007694,1,6.79794041297493,2,1968,1
81,6,7.198183577101943,2,7.1204443723924875,2,1998,1
82,8,7.354362330421477,3,7.354362330421477,2,2007,1
83,5,6.970730078143525,2,6.970730078143525,1,1960,1
84,7,7.295735072749282,2,5.950642552587727,2,1995,1
85,8,7.790282380703483,2,7.160845906664299,2,1991,1
86,6,7.352441100243583,2,6.52795791762255,2,2005,1
87,6,7.1098794630722715,2,6.416732282512326,2,2009,1
88,3,7.330405211844402,0,6.920671504248683,1,1915,1
89,4,6.897704943128636,0,6.897704943128636,1,1994,1
90,4,6.946975992135418,2,0.0,1,1950,0
91,5,7.118826249062078,2,7.118826249062078,1,1961,1
92,5,6.871091294610546,2,6.775366090936392,1,1921,1
93,6,7.736743682453495,2,7.101675971619444,2,1910,1
94,6,7.487733761436444,2,6.714170529909472,2,1997,1
95,6,7.293017679772782,2,6.522092798170152,2,1993,1
96,7,7.370230641807081,2,7.370230641807081,2,1999,1
97,4,6.866933284461882,1,6.866933284461882,1,1965,1
98,5,6.727431724850855,1,6.126869184114185,1,1920,1
99,4,7.110696122978827,0,6.856461984594587,1,1959,1
100,6,7.383989457978509,2,7.383989457978509,2,1977,1
101,6,7.4570320891223805,2,6.608000625296087,2,1985,1
102,5,7.336285660021297,2,0.0,2,1979,0
103,7,7.111512116496157,3,7.111512116496157,2,2009,1
104,7,7.505492274737424,1,6.946975992135418,1,1931,1
105,8,7.596894438144544,2,6.959398512133975,2,2003,1
106,4,6.953684210870537,1,6.46302945692067,1,1885,1
107,5,6.670766320845874,1,6.670766320845874,1,1948,1
108,5,7.324489979348532,0,6.675823221634848,2,1919,1
109,6,7.519692404116539,2,7.519692404116539,2,1977,1
110,6,7.5256399750415355,1,6.901737206656574,2,1954,1
111,7,7.265429723253953,2,5.950642552587727,2,2000,1
112,7,7.899524472032198,3,7.142036574706803,2,2007,1
113,6,7.7226775164680035,2,7.500529485395295,2,1953,1
114,6,7.749322464660356,1,6.93537044601511,2,1945,1
115,6,7.284820912568604,2,6.591673732008658,2,1999,1
116,5,6.9957661563048505,1,6.9957661563048505,1,1962,1
117,5,7.025538314638521,2,7.025538314638521,1,2006,1
118,7,8.07775756373692,3,7.422373700986824,3,1990,1
119,6,7.283448228756631,2,6.590301048196686,2,2005,1
120,6,6.895682697747868,2,6.843749949006225,1,1969,1
121,4,7.023758954738443,1,6.595780513961311,1,1939,1
122,6,6.984716320118266,1,6.984716320118266,1,1958,1
123,6,7.089243155027514,2,7.089243155027514,2,1993,1
124,6,7.368970402194793,2,7.216709486709457,2,1979,1
125,6,6.625392368007956,0,6.253828811575473,1,1935,1
126,6,6.86484777797086,2,6.982862751468942,2,1976,1
127,5,6.733401891837359,0,6.51025834052315,1,1930,1
128,6,7.206377291472252,2,6.492239835020471,1,1966,1
129,5,6.959398512133975,2,6.915723448631314,1,1958,1
130,7,7.676473646389156,2,6.828712071641684,2,1966,1
131,6,7.627544390488503,2,6.899723107284872,2,2000,1
132,5,7.190676034332207,2,6.968850378341948,1,1959,1
133,8,7.16703787691222,2,7.144407180321139,2,2001,1
134,5,7.450660796211539,2,7.2868764117507,2,1968,1
135,7,7.427738840532894,2,7.1731917424865985,2,1970,1
136,5,7.101675971619444,1,7.101675971619444,2,1967,1
137,7,7.580189417944541,3,7.553286605600419,3,1988,1
138,8,7.524021415206125,3,6.911747300251674,2,1999,1
139,6,7.475339236566737,2,6.833031732786201,2,1997,1
140,4,6.761572768804055,0,6.761572768804055,1,1971,1
141,7,7.458186157340487,2,7.458186157340487,2,2005,1
142,5,7.233455418621439,2,6.813444599510896,2,1952,1
143,7,7.313886831633462,2,7.306531398939505,2,1999,1
144,5,7.454719949364001,2,7.454719949364001,2,1963,1
145,6,7.443663683115591,2,6.877296071497429,2,2004,1
146,5,6.774223886357614,1,6.5722825426940075,1,1931,1
147,7,7.618251097876695,2,6.784457062637643,2,2001,1
148,7,6.984716320118266,0,6.984716320118266,1,2004,1
149,5,7.203405521083095,1,6.79794041297493,1,1936,1
150,5,6.876264611890766,2,6.876264611890766,1,1975,1
151,8,7.444248649496705,3,7.444248649496705,2,2007,1
152,6,7.597396320212795,2,6.715383386334681,2,1971,1
153,6,7.132497551660044,2,7.379008127628304,1,1960,1
154,6,7.090076835776092,1,7.090076835776092,1,1923,1
155,6,6.999422467507961,0,6.349138991379798,1,1924,1
156,5,6.946975992135418,2,0.0,1,1950,0
157,8,7.584773077612199,3,6.651571873589727,2,2009,1
158,7,7.5740450053721995,2,6.898714534329988,2,2004,1
159,7,7.808729306744399,2,7.238496840894365,2,2005,1
160,6,7.116394144093465,2,7.116394144093465,2,1984,1
161,9,7.889084407035514,3,7.360103972989152,2,2003,1
162,7,7.340186835320115,2,7.340186835320115,2,2005,1
163,4,6.782192056006791,0,6.782192056006791,1,1956,1
164,6,7.38770923908104,1,7.046647277848756,2,1926,1
165,5,7.2115567333138015,0,6.467698726104354,2,1940,1
166,5,7.532088143541722,1,7.388327859577107,1,1955,1
167,8,7.6783263565068856,3,7.366445148327599,1,2007,1
168,7,7.450079569807499,2,6.733401891837359,2,2004,1
169,8,7.442492722794441,2,7.430114138561801,2,1981,1
170,5,7.231287004327616,2,6.579251212010101,1,1941,1
171,6,7.412160334945205,2,6.984716320118266,1,1960,1
172,7,7.4770384723196965,2,6.96979066990159,2,1987,1
173,6,7.216709486709457,2,7.216709486709457,1,1961,1
174,6,7.409136443920128,2,7.381501894506707,2,1986,1
175,6,7.67693714581808,2,7.091742115095153,2,1950,1
176,6,7.630461261783627,2,7.048386408721883,2,1988,1
177,5,7.560080465021827,2,6.9584483932976555,2,1958,1
178,9,7.711548979629146,3,7.703459047867175,2,2008,1
179,5,6.875232087276577,2,6.875232087276577,1,1923,1
180,6,7.329749689041512,2,6.628041376179533,2,2000,1
181,7,7.496652438168283,1,6.675823221634848,1,1920,1
182,5,7.200424892944957,1,0.0,1,1957,0
183,7,7.641084249174914,2,7.216709486709457,2,2003,1
184,5,7.132497551660044,2,6.222576268071369,1,1908,1
185,10,8.190908881182514,3,7.009408932708637,2,1892,1
186,7,7.104144092987527,2,7.080026499922591,2,1990,1
187,5,7.412160334945205,1,6.492239835020471,2,1916,1
188,5,7.1098794630722715,2,6.990256500493881,0,1979,1
189,8,7.373374309910049,2,7.373374309910049,1,2001,1
190,8,7.910957382845589,2,6.748759547491679,2,1932,1
191,7,7.2991214627108,2,6.586171654854675,1,1972,1
192,7,7.266128779556451,2,7.266128779556451,2,1999,1
193,7,7.443663683115591,2,6.877296071497429,2,2004,1
194,5,6.761572768804055,1,6.761572768804055,1,1972,1
195,6,7.283448228756631,2,6.75110146893676,2,1976,1
196,7,7.453561871643373,3,7.453561871643373,2,2007,1
197,8,8.043020885298283,2,7.215239978730097,2,1918,1
198,6,7.709308333385869,0,6.626717749249025,1,1912,1
199,8,7.44600149832412,3,7.44600149832412,2,2004,1
200,4,7.02197642307216,2,7.02197642307216,2,2003,1
201,6,7.153833801578843,2,7.086737934510577,2,1977,1
202,6,7.177782416195197,1,6.424869023905388,2,1924,1
203,6,6.742880635791903,2,6.742880635791903,1,2004,1
204,5,7.157735484249907,1,6.579251212010101,1,1947,1
205,7,7.273786317844895,2,7.261225091971921,2,1990,1
206,5,7.4360278163518485,1,7.038783541388542,1,1962,1
207,4,7.003065458786462,1,7.003065458786462,1,1960,1
208,7,7.631431664576906,2,7.053585727193677,2,1988,1
209,6,6.9957661563048505,2,6.9957661563048505,1,1964,1
210,5,6.761572768804055,0,6.761572768804055,1,1925,1
211,6,7.10002716662926,2,7.10002716662926,2,2009,1
212,7,7.524021415206125,2,6.802394763324311,2,2009,1
213,5,6.897704943128636,2,6.897704943128636,1,1995,1
214,6,7.238496840894365,1,6.535241271013659,1,1977,1
215,5,7.119635638017636,1,6.975413927455952,1,1957,1
216,7,7.269616749608169,2,7.269616749608169,2,2004,1
217,4,7.191429330036379,1,6.530877627725885,1,1925,1
218,7,7.577633832602728,2,6.682108597449809,1,1939,1
219,7,7.129297548929373,2,7.129297548929373,2,2005,1
220,7,7.311886164077165,2,7.311886164077165,2,2006,1
221,6,7.726212650507529,2,6.917705609835305,2,2002,1
222,6,7.347299700743164,2,6.569481420414296,2,1975,1
223,4,6.761572768804055,2,6.761572768804055,1,1971,1
224,10,7.779885115070522,3,7.779885115070522,2,2003,1
225,5,7.171656822768514,1,6.4457198193855785,2,1971,1
226,7,7.832014180505469,3,7.0925737159746784,2,1995,1
227,6,6.894670039433482,1,6.180016653652572,1,1970,1
228,5,6.815639990074331,1,6.815639990074331,1,1967,1
229,7,7.349230824613334,2,7.224753405767971,2,2005,1
230,6,7.085064293952548,1,7.085064293952548,1,1959,1
231,8,7.935229539816907,3,7.2875606403097235,2,1995,1
232,6,6.894670039433482,1,6.180016653652572,1,1972,1
233,5,6.795705775173514,1,6.795705775173514,1,1976,1
234,6,7.580699752224563,2,6.756932389247553,2,2002,1
235,6,6.894670039433482,1,6.180016653652572,1,1971,1
236,7,7.254177846456518,2,7.254177846456518,2,2004,1
237,7,7.463936604468925,2,6.903747257584598,2,1993,1
238,8,7.434847875211999,3,7.434847875211999,2,2007,1
239,6,7.304515946460155,1,6.5998704992128365,1,1945,1
240,8,7.356279876550748,2,7.356279876550748,2,2008,1
241,5,6.763884908562435,0,6.530877627725885,1,1945,1
242,5,7.272398392570047,1,6.29156913955832,1,1900,1
243,6,7.104144092987527,1,6.439350371100098,1,1980,1
244,7,7.6544432264701125,2,6.854354502255021,2,1994,1
245,7,7.534762657037537,2,7.520234556474628,2,1988,1
246,6,7.564238475170491,1,6.927557906278317,2,1910,1
247,6,7.226209010100671,2,7.220373836723949,1,1954,1
248,7,7.419380582918692,2,6.733401891837359,2,2003,1
249,6,7.670428522190693,2,7.275172319452771,2,1958,1
250,3,7.174724309836376,0,6.590301048196686,1,1940,1
251,8,7.393263094763838,2,7.360739903058278,2,2006,1
252,6,7.402451520818244,2,6.682108597449809,2,2004,1
253,6,7.171656822768514,1,7.171656822768514,2,1964,1
254,5,7.1808311990445555,1,7.1808311990445555,1,1957,1
255,7,7.736743682453495,2,6.882437470997847,2,1999,1
256,6,7.454719949364001,2,6.761572768804055,2,2003,1
257,7,7.38025578842646,2,7.38025578842646,2,2006,1
258,7,7.491087593534876,2,6.870053411798126,2,2001,1
259,5,6.782192056006791,1,0.0,1,1956,0
260,6,7.231287004327616,2,7.216709486709457,1,1962,1
261,8,7.853216388156072,3,7.301147805856032,2,2007,1
262,6,7.10002716662926,2,6.226536669287466,1,1977,1
263,5,7.182352111885263,2,6.8308742346461795,1,1929,1
264,5,6.638567789166521,2,6.522092798170152,1,1925,1
265,6,7.259819610363186,2,7.259819610363186,2,1981,1
266,6,7.32052696227274,2,6.687108607866515,2,1997,1
267,5,7.692569648067906,1,6.579251212010101,2,1939,1
268,5,6.656726524178391,1,6.606650186198215,1,1940,1
269,6,7.014814351275545,1,7.04141166379481,1,1976,1
270,8,7.569927655242652,3,6.9985096422506015,2,2006,1
271,7,7.217443431696533,2,7.233455418621439,1,1954,1
272,8,7.727535110475448,3,7.049254841255837,2,1999,1
273,6,7.397561535524052,1,7.122866658599083,2,1958,1
274,5,6.704414354964107,1,6.704414354964107,1,1982,1
275,7,7.344719054149673,2,6.858565034791365,2,1925,1
276,7,7.352441100243583,2,7.352441100243583,2,2003,1
277,4,6.761572768804055,2,6.761572768804055,1,1951,1
278,9,7.659642954564682,3,7.659642954564682,2,2006,1
279,7,7.611842399580417,2,7.05617528410041,2,1977,1
280,7,7.591861714889934,2,6.693323668269949,2,1989,1
281,6,7.140453043101158,2,7.140453043101158,2,2006,1
282,7,7.1808311990445555,2,7.1808311990445555,2,2007,1
283,8,7.291656209174461,3,7.291656209174461,2,2008,1
284,6,7.362010551259734,2,7.362010551259734,2,1992,1
285,7,7.1308988302963465,2,6.437751649736401,2,2006,1
286,6,7.458186157340487,2,6.815639990074331,1,1962,1
287,4,6.754604099487962,0,6.754604099487962,1,1971,1
288,5,6.802394763324311,1,6.782192056006791,1,1967,1
289,6,7.241366283322318,1,6.548219102762372,1,1915,1
290,8,7.5595594960077,2,6.983789965258135,2,2006,1
291,5,7.447751280047908,0,6.659293919683638,2,1912,1
292,5,7.447751280047908,1,6.643789733147672,1,1949,1
293,7,7.724446645633537,2,6.678342114654332,2,1977,1
294,6,7.404887575616125,2,7.255591274253665,1,1953,1
295,6,6.910750787961936,2,6.910750787961936,1,1984,1
296,5,7.351158226430694,1,6.813444599510896,1,1950,1
297,7,7.575584651557793,2,6.882437470997847,2,1997,1
298,6,7.463363045520021,2,6.553933404025811,1,1968,1
299,6,7.049254841255837,1,6.9957661563048505,1,1950,1
300,5,7.197435354096591,1,7.060476365999801,1,1953,1
301,8,7.804659297056102,2,6.93537044601511,2,1998,1
302,7,7.340186835320115,3,7.340186835320115,2,2001,1
303,5,6.795705775173514,2,6.795705775173514,1,1972,1
304,7,8.158516244806831,3,7.293017679772782,3,1880,1
305,8,7.600902459542082,3,7.600902459542082,2,2004,1
306,7,7.715569534520208,3,6.551080335043404,2,1990,1
307,6,7.2485040723706105,0,5.765191102784844,1,1920,1
308,4,6.7580945044277305,2,6.7580945044277305,1,1940,1
309,9,7.572502985020384,3,7.547501682814967,2,2003,1
310,6,7.313886831633462,2,6.546785410760524,2,1993,1
311,6,6.879355804460439,1,6.879355804460439,1,1948,1
312,5,7.0192966537150445,2,6.675823221634848,1,1939,1
313,7,7.618742377670413,2,7.666690200080086,2,1965,1
314,7,7.403061091090091,2,6.590301048196686,1,1925,1
315,7,7.266827347520591,2,6.573680166960646,2,2004,1
316,7,7.763446388727362,2,6.739336627357174,2,1980,1
317,8,7.580189417944541,3,6.992096427415888,2,2006,1
318,7,7.880804344674901,3,7.205635176410364,2,1993,1
319,7,7.294377299288821,2,7.22402480828583,2,1980,1
320,9,7.86172707782398,3,7.130098510125578,3,2006,1
321,8,7.811163385025279,3,7.035268599281097,2,2004,1
322,7,7.912056888179006,2,7.31455283232408,2,1986,1
323,3,7.0587581525186645,1,7.057897937411856,1,1955,1
324,7,7.999007213243955,2,6.565264970035361,2,1967,1
325,5,6.688354713946762,2,6.579251212010101,1,1941,1
326,8,7.449498005382849,2,7.449498005382849,1,1993,1
327,6,7.232010331664759,1,7.232010331664759,1,1960,1
328,6,7.665753431861699,2,6.738152494595957,2,1916,1
329,5,7.083387847625295,1,6.39024066706535,1,1920,1
330,5,7.454719949364001,1,7.454719949364001,2,1964,1
331,5,6.962243464266207,1,6.962243464266207,1,1958,1
332,8,7.395721608602045,3,8.072779333169498,2,2003,1
333,7,7.213768308118642,2,7.213768308118642,2,2004,1
334,6,7.401231264413015,2,6.849066282633458,2,1998,1
335,5,7.487733761436444,2,7.312553498102598,2,1965,1
336,9,7.561121589530238,3,7.561121589530238,2,2005,1
337,7,7.336936913707618,2,7.336936913707618,2,2002,1
338,7,7.390798521735676,2,7.0967213784947605,2,1984,1
339,6,7.102499355774649,1,7.102499355774649,1,1958,1
340,8,7.553810852008231,2,6.874198495453294,2,2002,1
341,4,6.734591659972948,1,6.580639137284949,1,1950,1
342,3,6.946975992135418,2,0.0,2,1949,0
343,9,7.428927194802272,2,7.428927194802272,2,2005,1
344,5,7.013915474810528,1,6.284134161070802,1,1976,1
345,6,7.3632795869630385,1,6.879355804460439,1,1939,1
346,6,6.86484777797086,1,6.86484777797086,1,1960,1
347,6,7.298445101508147,2,7.298445101508147,2,1960,1
348,7,7.3938782901077555,2,6.638567789166521,2,2003,1
349,9,7.911324018963353,3,7.521859252201629,2,2005,1
350,9,7.533158807455563,2,7.533158807455563,2,2007,1
351,7,7.2813856635702825,2,7.2813856635702825,1,1986,1
352,5,7.01301578963963,1,6.423246963533519,1,1941,1
353,6,6.579251212010101,2,6.436150368369428,1,1928,1
354,6,7.374629015218945,1,6.84587987526405,1,1940,1
355,6,7.090076835776092,2,7.090076835776092,2,1995,1
356,6,7.062191632286556,2,7.05444965813294,2,1992,1
357,5,7.040536390215956,2,7.040536390215956,1,1976,1
358,5,7.20934025660291,1,6.967909201801884,1,1958,1
359,8,7.562161631225652,2,6.990256500493881,2,1998,1
360,6,6.815639990074331,2,6.78897174299217,1,1978,1
361,5,7.316548177182976,1,6.78332520060396,1,1940,1
362,7,7.561121589530238,2,0.0,3,2003,0
363,6,6.894670039433482,1,6.180016653652572,1,1972,1
364,6,7.3613754289773485,2,6.679599185844383,2,1976,1
365,5,7.203405521083095,1,6.51025834052315,1,1920,1
366,6,7.2399325913204695,2,7.2399325913204695,1,1963,1
367,6,7.266128779556451,1,7.002155954403621,1,1962,1
368,5,7.145196134997171,1,7.145196134997171,1,1954,1
369,5,7.160069207596127,2,6.968850378341948,1,1959,1
370,6,7.416979621381154,2,6.859614903654202,2,2000,1
371,4,7.370230641807081,2,0.0,2,1959,0
372,6,6.62273632394984,1,6.612041034833092,1,1984,1
373,5,7.1846291527173145,1,6.410174881966167,1,1953,1
374,7,7.564238475170491,2,6.741700694652055,2,2003,1
375,1,6.806829360392176,0,6.52649485957079,0,1922,1
376,5,6.81783057145415,2,6.76849321164863,1,1996,1
377,8,7.81035268372429,2,7.365180126021013,3,2004,1
378,9,7.526178913346146,3,7.526178913346146,1,2010,1
379,6,7.495541943884256,2,6.889591308354466,2,2000,1
380,5,7.43307534889858,1,6.933423025730715,2,1924,1
381,7,7.170888478512505,2,7.164720378771857,2,2006,1
382,7,7.493873886783559,2,6.844815479208263,2,2006,1
383,6,6.664409020350408,2,6.664409020350408,1,1928,1
384,6,7.577121930876679,2,7.365180126021013,2,1992,1
385,8,7.1459844677143876,2,7.135687347028144,2,2004,1
386,5,7.076653815443951,0,6.489204931325317,1,1910,1
387,6,7.025538314638521,1,6.947937068614969,1,1976,1
388,7,7.2991214627108,2,7.291656209174461,2,1999,1
389,10,7.754481547470383,3,7.427738840532894,2,2007,1
390,5,7.220373836723949,1,6.7580945044277305,1,1900,1
391,6,7.581209826196346,2,6.6895992691789665,2,2001,1
392,5,6.782192056006791,1,0.0,1,1959,0
393,4,6.669498089857879,0,6.669498089857879,1,1941,1
394,5,6.9411900550683745,1,6.5998704992128365,1,1940,1
395,5,7.042286171939743,1,7.042286171939743,1,1956,1
396,5,6.795705775173514,2,6.795705775173514,1,1972,1
397,5,7.502186486602924,1,6.761572768804055,2,1962,1
398,5,6.981934677156389,1,6.8679744089702925,1,1920,1
399,7,7.346010209913293,2,6.9957661563048505,2,2006,1
400,8,7.160845906664299,2,7.138866999945524,1,1996,1
401,7,7.177782416195197,2,7.177782416195197,2,2005,1
402,5,6.51025834052315,1,6.51025834052315,1,1940,1
403,8,7.724446645633537,2,7.039660349862076,2,1998,1
404,6,7.360103972989152,2,6.692083742506628,2,1995,1
405,4,7.3901814282264295,2,7.155396301896734,2,1976,1
406,6,7.40184157874383,1,6.96979066990159,1,1936,1
407,6,7.426549072397305,1,6.733401891837359,2,1915,1
408,7,7.683403681053826,3,6.968850378341948,2,2006,1
409,8,7.639161171659173,3,6.9411900550683745,2,2007,1
410,5,7.151485463904735,1,7.151485463904735,1,1958,1
411,5,6.962243464266207,2,6.962243464266207,1,1955,1
412,7,7.298445101508147,2,7.293017679772782,2,2009,1
413,5,6.93537044601511,2,6.915723448631314,1,1927,1
414,7,7.64826303090192,3,6.984716320118266,2,1993,1
415,7,7.200424892944957,2,7.200424892944957,2,2007,1
416,6,7.24422751560335,2,6.51025834052315,1,1978,1
417,6,7.8724551500639794,3,7.222566018822171,2,1918,1
418,5,7.033506484287697,1,6.628041376179533,1,1940,1
419,5,6.962243464266207,1,6.962243464266207,1,1968,1
420,7,7.203405521083095,4,7.203405521083095,2,1997,1
421,6,7.379008127628304,2,7.379008127628304,2,1977,1
422,5,6.895682697747868,2,6.895682697747868,1,1954,1
423,8,7.874739125171811,3,7.293017679772782,2,1998,1
424,6,7.086737934510577,1,7.086737934510577,1,1956,1
425,7,7.236339342754344,1,6.478509642208569,1,1946,1
426,7,7.404887575616125,2,7.325148957955575,2,1989,1
427,4,6.810142450115136,1,6.810142450115136,1,1957,1
428,7,7.0967213784947605,2,7.0967213784947605,2,2007,1
429,6,7.252762418053187,2,7.238496840894365,2,1988,1
430,6,6.894670039433482,1,6.180016653652572,1,1971,1
431,6,7.088408778675395,0,6.803505257608338,1,1920,1
432,5,7.21890970761906,2,6.639875833826536,1,1971,1
433,6,7.38025578842646,2,6.8308742346461795,2,1997,1
434,4,6.4457198193855785,0,6.4457198193855785,1,1972,1
435,7,7.415175109613295,2,6.683360945766275,2,1996,1
436,6,7.0192966537150445,2,6.473890696352274,1,1920,1
437,6,6.806829360392176,1,6.784457062637643,1,1926,1
438,5,6.542471960506805,1,6.0867747269123065,1,1913,1
439,6,7.086737934510577,2,6.52795791762255,1,1920,1
440,10,7.784057002639929,3,8.037220031133012,2,2008,1
441,4,7.272398392570047,0,7.272398392570047,2,1955,1
442,5,7.360739903058278,2,6.982862751468942,2,1930,1
443,7,7.1372784372603855,3,7.1372784372603855,2,2006,1
444,7,7.553810852008231,2,6.818924065275521,2,1994,1
445,6,7.4318919168078,2,7.269616749608169,1,1956,1
446,6,7.543273346705446,2,7.324489979348532,2,1966,1
447,7,7.542213463193403,2,6.835184586147301,2,1998,1
448,6,7.226936018493289,1,6.659293919683638,2,1937,1
449,3,7.075808863978387,1,6.47543271670409,1,1948,1
450,6,6.70073110954781,1,6.70073110954781,1,1930,1
451,7,7.334981878871814,2,7.334981878871814,2,1975,1
452,6,7.470793774195062,2,6.77078942390898,2,1996,1
453,8,7.371489295214277,2,6.643789733147672,2,2008,1
454,5,7.454719949364001,2,7.454719949364001,2,1976,1
455,7,7.124478262493424,2,7.124478262493424,1,1973,1
456,5,7.203405521083095,3,6.436150368369428,1,1916,1
457,4,7.416378479192928,2,7.218176838403408,1,1954,1
458,8,7.418180822726788,1,6.376726947898627,1,1925,1
459,5,7.0925737159746784,1,6.5638555265321274,1,1950,1
460,8,7.5678626054638825,2,6.723832440821209,2,2009,1
461,7,7.034387929915503,2,6.327936783729195,1,1936,1
462,5,6.761572768804055,1,6.761572768804055,1,1965,1
463,6,7.414572881350589,1,6.5722825426940075,1,1934,1
464,5,6.946975992135418,0,6.946975992135418,2,1978,1
465,7,7.254177846456518,2,7.226209010100671,2,2004,1
466,7,7.152268856032539,2,7.152268856032539,1,1970,1
467,5,7.404887575616125,1,6.590301048196686,1,1942,1
468,8,7.3987862754199485,3,7.3938782901077555,2,2006,1
469,6,7.444248649496705,2,6.723832440821209,2,1993,1
470,8,7.31455283232408,2,7.305188215393037,1,1985,1
471,7,7.585281078639126,2,6.694562058521095,2,1977,1
472,6,6.977281341630747,2,6.304448802421981,1,2005,1
473,8,7.588829878307813,3,7.588829878307813,2,2006,1
474,8,7.409741954080923,2,7.309212365692763,2,2000,1
475,5,6.877296071497429,2,6.877296071497429,1,1963,1
476,6,7.30854279753919,2,7.298445101508147,2,1997,1
477,9,7.879669914604289,3,7.674617497364363,2,2006,1
478,8,7.4489161025442,3,7.4413203897176174,2,2007,1
479,4,7.030857476116121,2,6.810142450115136,1,1937,1
480,9,7.52294091807237,3,7.513709247839705,2,2004,1
481,9,7.491087593534876,3,7.491087593534876,2,2003,1
482,7,7.509883061154913,1,6.813444599510896,1,1915,1
483,6,7.103322062526113,2,7.103322062526113,2,1998,1
484,5,6.906754778648554,1,6.906754778648554,1,1962,1
485,5,7.014814351275545,1,7.014814351275545,1,1950,1
486,5,6.9782137426306985,2,6.9782137426306985,1,1965,1
487,5,7.302496423727326,2,7.302496423727326,2,1971,1
488,5,7.789040401657477,2,6.860663671448287,2,1900,1
489,4,6.4457198193855785,1,6.4457198193855785,1,1970,1
490,5,7.1731917424865985,1,5.575949103146316,1,1976,1
491,6,7.363913501405819,1,6.692083742506628,1,1941,1
492,6,7.283448228756631,2,6.590301048196686,2,2006,1
493,5,7.1459844677143876,1,7.1459844677143876,1,1960,1
494,5,6.786716950605081,1,5.247024072160486,1,1938,1
495,4,6.579251212010101,0,6.579251212010101,1,1920,1
496,8,8.07961802938984,2,8.070906088787819,3,1992,1
497,7,7.506591780070841,1,6.933423025730715,2,1925,1
498,5,6.80128303447162,1,6.761572768804055,1,1967,1
499,5,6.815639990074331,1,6.815639990074331,1,1958,1
500,6,7.1049654482698426,1,6.51025834052315,1,1973,1
501,7,7.477604243197589,2,6.763884908562435,2,2005,1
502,5,7.101675971619444,2,7.101675971619444,1,1965,1
503,7,7.496097345175956,2,7.313886831633462,2,1959,1
504,6,7.186901020411631,2,6.75110146893676,2,1974,1
505,5,7.580699752224563,2,6.866933284461882,2,1952,1
506,8,7.555381944240273,2,6.655440350367647,2,1993,1
507,6,7.1049654482698426,2,7.1049654482698426,2,2009,1
508,7,7.228388451573604,2,6.535241271013659,2,1928,1
509,5,6.947937068614969,1,6.947937068614969,1,1959,1
510,5,7.217443431696533,1,6.915723448631314,1,1951,1
511,7,7.221105098182496,2,7.221105098182496,2,2005,1
512,5,6.761572768804055,2,6.761572768804055,1,1958,1
513,6,6.984716320118266,2,6.988413181999592,1,1983,1
514,5,6.670766320845874,1,6.643789733147672,1,1926,1
515,10,7.61085279039525,3,7.603897968521881,2,2009,1
516,6,7.6586995582682995,2,6.535241271013659,2,1972,1
517,7,7.759614150696903,3,7.142036574706803,2,1996,1
518,6,7.493317248862145,2,6.677083461247136,2,1998,1
519,7,7.640123172695364,1,7.151485463904735,1,1926,1
520,4,7.165493475060845,0,0.0,2,1900,0
521,6,7.126087273299125,1,7.126087273299125,1,1957,1
522,6,7.416979621381154,2,6.911747300251674,2,1947,1
524,7,7.7823903355874595,3,7.229113877793302,2,1996,1
525,7,7.143617602704121,2,7.136483208590247,2,2005,1
526,5,6.833031732786201,1,6.833031732786201,1,1956,1
527,9,7.905810312658931,3,7.280697195384741,2,2008,1
528,4,6.405228458030842,0,6.269096283706261,1,1920,1
529,6,7.83002808253384,2,7.618251097876695,3,1957,1
530,6,7.319202458767849,2,7.2868764117507,2,1988,1
531,6,7.216709486709457,2,6.415096959171596,2,1920,1
532,5,6.717804695023691,1,0.0,1,1955,0
533,1,5.811140992976701,0,0.0,1,1946,0
534,8,7.254177846456518,2,6.561030665896573,2,2004,1
535,5,7.205635176410364,0,7.018401799069201,1,1910,1
536,7,7.452402451223638,2,6.779921907472252,2,1998,1
537,4,6.761572768804055,2,6.761572768804055,1,1972,1
538,5,7.055312843339752,1,6.957497370876951,1,1968,1
539,8,7.3783837129967145,2,7.365812837209472,2,2001,1
540,9,7.516433302915632,3,7.516433302915632,2,2006,1
541,8,7.734121303328305,3,6.876264611890766,2,2000,1
542,7,7.426549072397305,2,7.408530566894626,2,1998,1
543,7,6.642486801367256,1,6.583409222158765,1,1998,1
544,7,7.310550158534422,2,6.483107351457199,2,2006,1
545,7,7.688455356549944,3,7.093404625868766,2,1988,1
546,6,7.399398083331354,2,6.970730078143525,1,1923,1
547,5,6.643789733147672,2,6.643789733147672,1,1970,1
548,5,6.715383386334681,2,6.715383386334681,1,1955,1
549,7,7.646831391430482,2,6.815639990074331,2,2003,1
550,6,6.974478911025045,2,6.974478911025045,2,1977,1
551,5,6.833031732786201,1,6.833031732786201,1,1957,1
552,8,7.448333860897476,3,7.443663683115591,2,2006,1
553,4,7.026426808699636,2,0.0,2,1949,0
554,7,7.6236419465115715,3,6.905753276311464,2,2003,1
555,5,6.954638864880987,1,6.900730664045173,1,1922,1
556,5,6.9957661563048505,1,6.9957661563048505,1,1957,1
557,4,7.197435354096591,1,6.456769655572163,1,1920,1
558,7,7.27655640271871,2,6.591673732008658,2,1996,1
559,7,7.350516171833998,2,7.2254814727822945,2,2003,1
560,5,7.238496840894365,2,7.238496840894365,1,1957,1
561,5,7.236339342754344,2,7.236339342754344,1,1974,1
562,5,6.903747257584598,0,6.903747257584598,1,1940,1
563,6,7.422971251049421,2,7.0587581525186645,2,1918,1
564,7,7.738488122494646,2,6.9985096422506015,2,1992,1
565,6,7.4067107301776405,1,6.692083742506628,1,1915,1
566,9,7.825644732219989,3,7.022868086082641,2,2005,1
567,7,7.336285660021297,2,7.324489979348532,2,2004,1
568,8,7.664815785285735,2,7.310550158534422,1,1983,1
569,5,6.849066282633458,2,6.849066282633458,1,1979,1
570,5,7.454719949364001,2,7.454719949364001,2,1965,1
571,6,6.761572768804055,1,6.761572768804055,1,1959,1
572,7,7.433666540166168,2,6.740519359606223,2,2009,1
573,7,7.265429723253953,2,5.950642552587727,2,2000,1
574,5,7.011213987350367,1,5.918893854273146,1,1971,1
575,5,7.103322062526113,1,6.723832440821209,1,1947,1
576,7,7.29776828253138,1,6.7580945044277305,2,1928,1
577,5,7.1853870155804165,2,7.059617628291383,1,1966,1
578,7,7.238496840894365,2,6.535241271013659,2,2007,1
579,5,7.492760300922379,1,6.956545443151569,2,1954,1
580,6,7.264730177929867,2,7.042286171939743,1,1960,1
581,8,7.621684998724611,3,7.621684998724611,2,2008,1
582,6,6.704414354964107,0,6.704414354964107,1,1990,1
583,10,7.928406026180535,2,7.1204443723924875,3,1893,1
584,4,7.360739903058278,1,6.784457062637643,1,1935,1
585,8,7.614805364711073,3,7.532623618788788,2,2005,1
586,6,6.731018100482083,1,6.704414354964107,1,1918,1
587,5,6.756932389247553,2,6.733401891837359,1,1982,1
588,5,7.29505641646263,1,7.270312886079025,1,1968,1
589,5,6.840546529288687,1,6.60934924316738,1,1930,1
590,7,7.366445148327599,2,6.646390514847729,2,2004,1
591,10,7.738923757439457,3,7.451241684987676,2,2008,1
592,5,6.704414354964107,2,6.704414354964107,1,1982,1
593,6,6.742880635791903,2,6.742880635791903,1,2003,1
594,5,6.828712071641684,1,6.828712071641684,1,1975,1
595,8,7.509883061154913,3,7.503289630675082,2,2005,1
596,6,7.221105098182496,1,6.52795791762255,1,1910,1
597,7,7.2456550675945355,3,7.1372784372603855,0,2006,1
598,5,7.4067107301776405,2,7.265429723253953,2,1977,1
599,6,7.349873704738337,2,6.573680166960646,2,1980,1
600,8,7.55171221535131,2,6.964135612418245,2,2005,1
601,6,7.226209010100671,1,6.659293919683638,1,1937,1
602,8,7.557472901614746,2,6.811244378601294,2,1992,1
603,7,7.090076835776092,2,6.396929655216146,2,2004,1
604,7,7.309212365692763,2,7.309212365692763,2,2002,1
605,7,7.593877844605118,2,6.643789733147672,2,1965,1
606,5,6.946975992135418,2,6.946975992135418,1,1996,1
607,5,7.60489448081162,1,6.79794041297493,3,1948,1
608,8,8.069029328774958,2,6.872128101338986,2,1934,1
609,4,6.9363427358340495,1,6.9363427358340495,1,1961,1
610,9,7.674617497364363,3,7.272398392570047,2,2000,1
611,6,6.939253946041508,2,6.939253946041508,2,1978,1
612,8,7.534762657037537,2,7.1693500166706,2,2001,1
613,5,7.02108396428914,0,7.02108396428914,1,2007,1
614,4,6.4457198193855785,0,6.4457198193855785,1,1972,1
615,6,6.960347729101308,2,6.841615476477592,1,1963,1
616,6,7.319202458767849,2,6.663132695990803,2,2002,1
617,6,6.723832440821209,2,6.723832440821209,1,1954,1
618,9,7.510977752014095,3,7.507690077819904,2,2007,1
619,8,7.724004656676065,3,7.301147805856032,2,2003,1
620,3,6.761572768804055,0,6.761572768804055,1,1914,1
621,6,7.868636894184167,2,7.3277805384216315,2,1974,1
622,5,6.887552571664617,2,6.887552571664617,1,1977,1
623,6,7.321188556739478,2,6.628041376179533,2,2000,1
624,6,7.489970898834801,2,6.595780513961311,1,1972,1
625,6,7.017506142941256,2,7.017506142941256,1,1962,1
626,5,7.259819610363186,1,6.885509670034818,1,1960,1
627,6,7.326465613840322,1,7.052721049232323,1,1955,1
628,5,7.640123172695364,2,6.946975992135418,1,1969,1
629,6,7.2078598714324755,2,7.129297548929373,1,1964,1
630,5,7.4673710669175595,1,6.455198563340122,1,1880,1
631,8,7.348587530927593,2,7.348587530927593,2,2006,1
632,7,7.252053951852814,2,7.234177179749849,2,1977,1
633,5,6.962243464266207,1,6.962243464266207,1,1954,1
634,6,6.962243464266207,2,6.962243464266207,0,1980,1
635,6,8.130059039992796,0,7.272398392570047,2,1914,1
636,2,6.684611727667927,0,5.575949103146316,1,1936,1
637,5,7.234898420314831,1,6.698268054115413,2,1954,1
638,5,6.679599185844383,0,6.679599185844383,1,1910,1
639,8,7.356918242356021,3,7.326465613840322,2,2006,1
640,8,7.325148957955575,2,7.325148957955575,1,2003,1
641,7,7.564757012905729,2,6.963189985870238,2,2001,1
642,8,7.902487437162855,2,7.5766097669730375,2,1972,1
643,5,7.3901814282264295,2,6.659293919683638,2,1969,1
644,9,7.476472381163905,3,7.476472381163905,2,2009,1
645,6,6.8885724595653635,2,6.8885724595653635,1,1971,1
646,5,6.954638864880987,2,0.0,1,1950,0
647,6,6.9975959829819265,2,6.9975959829819265,1,1953,1
648,6,7.516977224604321,2,6.628041376179533,1,1966,1
649,4,6.4457198193855785,0,6.4457198193855785,1,1970,1
650,7,7.417580402414544,2,6.70073110954781,2,2007,1
651,4,7.31986492980897,1,6.626717749249025,1,1940,1
652,7,7.447751280047908,2,6.779921907472252,2,1996,1
653,6,7.292337176173877,1,6.628041376179533,1,1906,1
654,8,7.655864017616056,3,7.653969180478774,2,1995,1
655,6,6.9957661563048505,1,6.263398262591624,1,1971,1
656,5,6.959398512133975,1,6.959398512133975,1,1959,1
657,7,7.31455283232408,1,6.654152520183219,1,1931,1
658,6,7.284820912568604,1,6.815639990074331,1,1948,1
659,5,7.303843225277705,2,7.303843225277705,1,1964,1
660,7,7.5678626054638825,2,6.675823221634848,2,1976,1
661,8,7.803026643632217,3,7.395721608602045,2,1994,1
662,6,7.238496840894365,2,7.238496840894365,1,1968,1
663,4,7.074116816197362,2,7.037027614686276,2,1972,1
664,8,7.64826303090192,3,7.638679823876112,1,2005,1
665,8,7.568379267836522,2,7.2485040723706105,2,2000,1
666,6,7.77485576666552,2,6.928537818164665,2,1965,1
667,6,7.425953657077541,2,7.249925536717988,2,1994,1
668,5,7.270312886079025,2,7.080026499922591,1,1956,1
669,4,7.07326971745971,1,6.551080335043404,1,1922,1
670,6,7.297091005160418,2,6.6039438246004725,2,2005,1
671,6,7.221835825288449,1,6.51025834052315,2,1925,1
672,6,7.0967213784947605,2,7.0967213784947605,1,1977,1
673,6,7.516977224604321,2,7.29776828253138,2,1957,1
674,6,7.035268599281097,1,7.035268599281097,1,1965,1
675,6,7.273092595999522,2,6.75110146893676,2,1978,1
676,4,7.480992162869525,3,6.9985096422506015,2,1900,1
677,5,6.674561391814426,1,6.643789733147672,1,1924,1
678,8,7.6236419465115715,3,7.6236419465115715,2,2008,1
679,5,6.895682697747868,2,6.895682697747868,1,1961,1
680,6,6.827629234502852,1,6.827629234502852,2,1980,1
681,5,7.326465613840322,1,6.675823221634848,1,1932,1
682,6,7.1631723908466425,2,7.1631723908466425,1,1996,1
683,9,7.419380582918692,3,7.3938782901077555,2,2002,1
684,7,7.516977224604321,2,7.085901464365611,2,1998,1
685,7,7.644919344958857,2,7.081708586105575,2,1984,1
686,7,7.473637108496206,2,6.773080375655535,3,2007,1
687,7,7.004881989712859,2,6.311734809152915,2,2004,1
688,8,7.257707677160043,2,7.257707677160043,2,2007,1
689,6,7.216709486709457,2,7.216709486709457,2,2005,1
690,6,6.742880635791903,2,6.742880635791903,1,2004,1
691,10,8.370084326378025,3,7.8013913202914855,3,1994,1
692,7,7.831617276352611,2,7.098375638590786,2,1989,1
693,5,6.9782137426306985,1,6.9782137426306985,1,1921,1
694,5,7.338888133838879,2,6.831953565565855,1,1936,1
695,6,7.036148493750536,2,7.013915474810528,2,1987,1
696,5,6.423246963533519,1,6.423246963533519,1,1921,1
697,5,7.045776576879511,1,6.887552571664617,1,1952,1
698,5,6.795705775173514,1,6.795705775173514,1,1965,1
699,7,7.237778191923443,2,7.237778191923443,2,2004,1
700,8,7.495541943884256,3,7.495541943884256,2,2002,1
701,7,7.059617628291383,2,7.059617628291383,1,1969,1
702,8,7.853993087224244,3,7.1180162044653335,2,2006,1
703,5,7.502186486602924,2,5.886104031450156,2,1900,1
704,7,7.302496423727326,2,7.29505641646263,2,2004,1
705,4,6.9957661563048505,0,0.0,2,1930,0
706,7,7.508787170634276,2,7.404279118037268,2,1971,1
707,8,7.188412736496954,2,7.188412736496954,2,2006,1
708,7,7.283448228756631,2,6.590301048196686,2,2007,1
709,5,6.806829360392176,1,6.775366090936392,1,1966,1
710,3,6.591673732008658,0,5.598421958998375,1,1935,1
711,4,7.071573364211532,1,6.755768921984255,1,1900,1
712,8,7.113142108707088,2,7.113142108707088,2,1988,1
713,4,6.866933284461882,2,6.866933284461882,1,1970,1
714,6,7.2991214627108,2,6.586171654854675,2,1976,1
715,6,7.2078598714324755,2,6.96979066990159,2,1974,1
716,7,7.845416036592485,2,6.576469569048224,1,1890,1
717,5,7.071573364211532,2,7.069874128458572,1,1973,1
718,7,7.790696031174738,3,7.1785454837637,2,1993,1
719,5,6.878326468291325,1,6.878326468291325,1,1969,1
720,8,7.462789157412448,2,7.462789157412448,2,1985,1
721,6,6.742880635791903,2,6.742880635791903,1,2004,1
722,4,6.761572768804055,2,6.761572768804055,1,1970,1
723,4,7.293017679772782,1,6.846943139585379,2,1954,1
724,9,7.437206366871292,3,7.437206366871292,2,2007,1
725,4,6.761572768804055,2,6.761572768804055,1,1970,1
726,6,7.426549072397305,2,6.779921907472252,2,1988,1
727,7,7.116394144093465,2,7.116394144093465,2,2007,1
728,5,7.4821189235521155,3,7.367708572374371,2,1958,1
729,4,7.0967213784947605,2,6.659293919683638,1,1925,1
730,8,7.38770923908104,2,7.374629015218945,2,1995,1
731,7,7.044032897274685,2,6.7661917146603505,2,2003,1
732,7,7.616283561580385,2,7.050122520269059,2,1998,1
733,5,7.042286171939743,1,6.761572768804055,1,1961,1
734,5,6.854354502255021,1,6.854354502255021,1,1968,1
735,7,7.477604243197589,2,6.779921907472252,1,1914,1
736,3,6.946975992135418,2,0.0,2,1950,0
737,8,7.496097345175956,3,6.794586580876499,2,2005,1
738,5,7.090076835776092,0,7.090076835776092,3,1987,1
739,7,7.454719949364001,2,6.761572768804055,2,2004,1
740,5,7.266827347520591,2,5.575949103146316,2,1910,1
741,6,6.815639990074331,1,6.815639990074331,1,1961,1
742,7,7.207118856207756,2,7.207118856207756,2,2000,1
743,5,7.288927694521257,2,6.253828811575473,2,1963,1
744,8,7.198183577101943,2,7.198183577101943,2,1993,1
745,8,7.906547232368036,2,7.040536390215956,3,1976,1
746,7,7.721348612617949,2,6.858565034791365,2,2000,1
747,7,7.878534196140362,4,7.122866658599083,1,1880,1
748,7,7.450079569807499,2,7.450079569807499,2,1996,1
749,4,7.332369205929062,1,0.0,2,1945,0
750,4,7.038783541388542,0,6.3561076606958915,1,1910,1
751,7,7.1853870155804165,2,6.492239835020471,2,2003,1
752,6,7.309212365692763,2,7.2991214627108,2,1997,1
753,8,7.6487397889562425,3,6.937314081223682,2,2005,1
754,6,6.933423025730715,2,6.933423025730715,1,1969,1
755,6,7.293697720601438,2,6.591673732008658,2,1999,1
756,8,7.477604243197589,2,6.763884908562435,2,2007,1
757,6,7.234177179749849,2,6.51025834052315,2,1978,1
758,7,7.313886831633462,2,6.612041034833092,2,1999,1
759,8,7.836369760545124,3,7.183870715062453,2,1995,1
760,6,6.761572768804055,1,6.761572768804055,1,1959,1
761,5,7.170888478512505,2,7.0431599159883405,1,1924,1
762,7,7.344072850573066,2,6.628041376179533,2,2009,1
763,8,7.768533300926033,3,7.132497551660044,2,1999,1
764,8,7.309212365692763,2,7.309212365692763,1,1995,1
765,9,7.317212408359839,2,7.311886164077165,2,2008,1
766,7,7.446585099157725,2,6.887552571664617,2,1988,1
767,6,7.4673710669175595,1,6.890609120147166,2,1940,1
768,7,7.515344571180436,2,7.528331766707247,2,2004,1
769,8,8.095293776844649,3,7.408530566894626,3,2003,1
770,5,6.754604099487962,2,6.754604099487962,1,1982,1
771,4,7.106606137727303,2,6.728628613084702,1,1951,1
772,6,7.018401799069201,2,6.9363427358340495,1,1976,1
773,5,6.815639990074331,1,6.815639990074331,1,1958,1
774,8,7.587310506022615,3,7.5678626054638825,2,2006,1
775,6,7.093404625868766,2,7.093404625868766,2,1998,1
776,7,7.3864708488298945,3,7.3864708488298945,2,2005,1
777,5,6.795705775173514,2,6.761572768804055,1,1974,1
778,5,7.61085279039525,2,0.0,2,1977,0
779,6,6.911747300251674,2,6.882437470997847,1,1977,1
780,7,7.133295954896068,2,7.1204443723924875,2,1995,1
781,6,7.3796321526095525,2,6.634633357861686,2,1992,1
782,7,7.265429723253953,2,7.253470382684528,2,2001,1
783,5,7.01211529430638,2,7.00033446027523,1,1978,1
784,6,7.302496423727326,0,6.60934924316738,2,1914,1
785,6,7.201916317531627,2,7.22402480828583,2,1967,1
786,5,7.409741954080923,1,6.530877627725885,2,1915,1
787,7,7.642044402873258,2,6.862757913051401,2,2004,1
788,4,6.803505257608338,1,6.803505257608338,1,1954,1
789,6,7.643482907077201,2,6.723832440821209,2,1966,1
790,7,7.0431599159883405,2,7.0431599159883405,2,2005,1
791,6,6.967909201801884,2,6.9363427358340495,1,1976,1
792,7,7.607381425639791,2,7.018401799069201,2,1996,1
793,8,7.310550158534422,2,7.310550158534422,2,2007,1
794,7,7.546974117516527,2,6.568077911411976,2,1994,1
795,6,7.355001921105257,2,6.476972362889683,2,1980,1
796,6,7.158513997329321,2,6.492239835020471,1,1977,1
797,5,6.650279048587422,1,6.650279048587422,1,1953,1
798,9,8.0519780789023,3,7.563200592358071,3,2008,1
799,5,7.477604243197589,1,6.594413459749778,1,1937,1
800,6,7.431299675155903,2,6.423246963533519,2,1997,1
801,4,7.086737934510577,2,7.086737934510577,1,1916,1
802,7,7.283448228756631,2,6.590301048196686,2,2005,1
803,9,7.945201132412759,3,7.458186157340487,3,2008,1
804,5,7.028201432058005,1,6.841615476477592,1,1954,1
805,7,7.2640301428995295,2,7.256297239690681,2,2008,1
806,5,6.887552571664617,1,6.887552571664617,2,1967,1
807,5,7.362645270417825,2,7.188412736496954,1,1923,1
808,5,6.990256500493881,2,6.931471805599453,1,1966,1
809,5,7.6676260915849905,2,6.744059186311348,2,1898,1
810,6,7.1770187659099,2,6.946975992135418,1,1974,1
811,6,6.742880635791903,2,6.742880635791903,1,2004,1
812,5,6.950814768442584,2,6.29156913955832,1,1952,1
813,6,7.273786317844895,1,7.273786317844895,1,1958,1
814,5,7.1308988302963465,1,6.530877627725885,1,1918,1
815,7,7.415175109613295,2,7.407924322559599,2,1998,1
816,5,6.915723448631314,1,6.915723448631314,1,1954,1
817,8,7.4318919168078,3,7.357556200910353,2,2002,1
818,6,6.9584483932976555,2,6.917705609835305,1,1971,1
819,7,7.213768308118642,2,7.213768308118642,2,2009,1
820,7,7.402451520818244,2,6.682108597449809,2,2003,1
821,4,6.841615476477592,2,6.841615476477592,1,1953,1
822,7,7.457609289715606,2,6.741700694652055,2,2003,1
823,6,7.305860032684009,1,6.656726524178391,2,1940,1
824,8,7.305860032684009,2,7.305860032684009,2,2006,1
825,10,7.642044402873258,3,7.639161171659173,2,2007,1
826,5,6.664409020350408,0,6.664409020350408,1,1924,1
827,7,7.2682230211595655,2,7.282073658093465,2,2001,1
828,5,7.661997558901893,2,6.920671504248683,2,1967,1
829,7,7.109062135687172,2,6.396929655216146,2,2005,1
830,6,7.238496840894365,2,7.238496840894365,1,1957,1
831,7,7.090076835776092,2,6.396929655216146,2,2005,1
832,7,7.511524648390866,2,6.846943139585379,2,2003,1
833,6,7.323830566202317,2,7.323830566202317,1,1964,1
834,5,7.042286171939743,2,7.042286171939743,1,1961,1
835,4,6.9726062513017535,2,6.9726062513017535,2,1950,1
836,5,7.351799869057777,2,7.351799869057777,1,1948,1
837,6,6.894670039433482,1,6.180016653652572,1,1973,1
838,5,7.002155954403621,1,7.002155954403621,1,1995,1
839,5,7.090076835776092,1,6.643789733147672,1,1946,1
840,6,7.301147805856032,1,6.51025834052315,2,1925,1
841,5,7.338888133838879,2,6.476972362889683,2,1904,1
842,6,7.060476365999801,2,7.027314514039777,1,1966,1
843,5,7.495541943884256,0,7.495541943884256,2,1961,1
844,5,7.255591274253665,3,6.775366090936392,1,1915,1
845,5,7.438971592395862,2,7.237059026124737,2,1975,1
846,7,7.4815557019095165,2,6.606650186198215,2,1993,1
847,5,6.761572768804055,1,6.761572768804055,1,1972,1
848,6,7.765569081097317,2,6.810142450115136,3,1908,1
849,6,7.5256399750415355,2,6.269096283706261,2,1976,1
850,6,6.742880635791903,2,6.742880635791903,1,2003,1
851,8,7.283448228756631,2,7.149131598557407,2,2003,1
852,7,7.406103381237015,1,6.822197390620491,2,1941,1
853,6,7.275864600546533,2,7.027314514039777,1,1964,1
854,5,7.483806687665835,2,7.47477218239787,1,1955,1
855,5,6.946975992135418,1,6.946975992135418,1,1962,1
856,6,6.933423025730715,2,6.84587987526405,1,1978,1
857,6,7.300472814267799,2,6.553933404025811,2,1994,1
858,7,7.222566018822171,2,6.993932975223189,2,1976,1
859,6,7.8838232148921525,2,6.960347729101308,2,1968,1
860,7,7.262628600974241,1,6.815639990074331,1,1918,1
861,5,6.946013991099227,2,6.946013991099227,1,1965,1
862,6,7.00033446027523,2,6.946975992135418,2,1984,1
863,5,7.045776576879511,1,7.045776576879511,1,1959,1
864,7,7.22402480828583,2,7.22402480828583,2,2007,1
865,5,6.90975328164481,2,6.90975328164481,1,1970,1
866,8,7.406103381237015,3,7.401231264413015,2,2006,1
867,4,7.02108396428914,2,6.946975992135418,1,1961,1
868,5,7.749322464660356,2,0.0,2,1948,0
869,7,7.575071699507561,2,6.956545443151569,2,1993,1
870,5,6.795705775173514,1,6.795705775173514,1,1962,1
871,6,7.427738840532894,2,6.6895992691789665,2,1998,1
872,5,6.813444599510896,2,4.653960350157523,1,1953,1
873,5,7.145196134997171,1,6.723832440821209,1,1949,1
874,5,7.030857476116121,1,6.516193076042964,1,1941,1
875,8,7.867105500316739,2,7.076653815443951,2,2007,1
876,4,6.946975992135418,2,6.96979066990159,1,1963,1
877,9,7.707062655370473,3,7.2875606403097235,2,2004,1
878,5,7.051855622955894,2,7.011213987350367,1,1961,1
879,5,6.761572768804055,1,6.761572768804055,1,1978,1
880,5,6.993932975223189,2,6.993932975223189,1,2005,1
881,7,7.448333860897476,2,7.052721049232323,2,1990,1
882,6,7.373374309910049,2,6.694562058521095,2,1992,1
883,4,7.709756864454165,1,6.678342114654332,1,1912,1
884,5,6.79346613258001,1,6.79346613258001,1,1967,1
885,9,7.443663683115591,2,7.437206366871292,2,1999,1
886,5,7.445417556701687,2,7.3938782901077555,2,1959,1
887,5,7.239214973779806,1,6.704414354964107,1,1955,1
888,8,7.7039102096163115,2,7.7039102096163115,2,1970,1
889,6,7.316548177182976,2,7.316548177182976,1,1953,1
890,5,6.828712071641684,2,6.51025834052315,1,1949,1
891,6,7.428333194190806,2,6.822197390620491,2,1978,1
892,6,6.97354301952014,1,6.9650803456014065,1,1963,1
893,5,7.232010331664759,1,7.232010331664759,1,1954,1
894,5,7.336285660021297,2,0.0,2,1979,0
895,6,7.493317248862145,2,6.659293919683638,1,1963,1
896,4,6.85751406254539,1,6.85751406254539,1,1936,1
897,5,7.7142311448490855,2,0.0,2,1979,0
898,9,7.768110378525988,3,7.753623546559746,2,2009,1
899,5,7.119635638017636,1,6.815639990074331,1,1961,1
900,4,6.754604099487962,1,6.754604099487962,1,1971,1
901,5,7.174724309836376,1,6.899723107284872,1,1957,1
902,7,7.319202458767849,2,6.663132695990803,2,2003,1
903,7,7.4205789054108005,3,7.4205789054108005,2,2006,1
904,5,6.804614520062624,1,6.775366090936392,1,1967,1
905,5,6.968850378341948,1,6.962243464266207,1,1954,1
906,8,7.400009517162692,3,7.392031567514591,2,2006,1
907,7,7.6290038896529575,1,6.92461239604856,1,1936,1
908,5,6.804614520062624,2,6.761572768804055,1,1983,1
909,6,7.302496423727326,2,6.60934924316738,2,2005,1
910,5,7.729295674310482,2,7.007600613951853,2,1960,1
911,5,7.145196134997171,1,7.145196134997171,1,1977,1
912,5,6.922643891475888,1,6.643789733147672,1,1925,1
913,5,7.601901959875166,3,6.90875477931522,2,1949,1
914,6,7.1098794630722715,2,6.416732282512326,2,2009,1
915,4,6.9957661563048505,1,6.302618975744905,1,1970,1
916,2,6.173786103901937,1,6.173786103901937,0,1949,1
917,4,7.113956109566034,1,7.033506484287697,1,1956,1
918,7,7.6624678152002375,3,7.00669522683704,2,1991,1
919,6,7.254177846456518,2,7.076653815443951,1,1958,1
920,6,7.450660796211539,2,6.833031732786201,2,1994,1
921,5,7.696212639346407,0,7.148345743900068,2,1900,1
922,6,7.182352111885263,2,7.182352111885263,2,2005,1
923,6,7.388327859577107,2,7.38025578842646,2,1993,1
924,6,7.430114138561801,2,7.430114138561801,2,1980,1
925,5,7.026426808699636,2,7.026426808699636,2,1977,1
926,8,7.772331575169614,3,7.074116816197362,2,2003,1
927,7,7.589841512182657,2,6.723832440821209,2,1968,1
928,8,7.488852955733459,2,7.469083884921234,2,2001,1
929,7,7.71244383427499,2,6.871091294610546,2,1997,1
930,8,7.290292882446597,3,7.290292882446597,2,2007,1
931,5,6.829793737512425,1,6.829793737512425,1,1965,1
932,9,7.552237287560802,3,7.552237287560802,2,2006,1
933,7,7.313220387090301,2,7.313220387090301,2,2004,1
934,7,7.634820677745543,2,6.371611847231857,2,1960,1
935,4,6.616065185132817,2,6.396929655216146,1,1926,1
936,7,7.090076835776092,2,7.069874128458572,2,2003,1
937,7,7.58629630715272,2,7.014814351275545,2,2005,1
938,7,7.581719640125308,3,7.237778191923443,2,2006,1
939,7,7.784473235736469,1,6.939253946041508,2,1940,1
940,6,7.454719949364001,2,7.454719949364001,2,1976,1
941,7,7.630461261783627,2,6.899723107284872,2,1999,1
942,4,7.272398392570047,0,7.272398392570047,2,1977,1
943,5,7.397561535524052,2,7.397561535524052,2,1967,1
944,6,7.203405521083095,2,6.70808408385307,1,1958,1
945,5,7.533158807455563,2,6.992096427415888,1,1890,1
946,5,7.042286171939743,1,7.042286171939743,1,1959,1
947,8,7.395721608602045,3,7.38770923908104,2,2002,1
948,7,7.4821189235521155,2,6.841615476477592,2,2002,1
949,6,7.2305631534092925,2,7.057036981697891,1,1972,1
950,5,6.761572768804055,2,6.761572768804055,1,1950,1
951,5,6.872128101338986,1,6.71901315438526,1,1965,1
952,5,6.643789733147672,1,6.643789733147672,1,1972,1
953,5,7.584773077612199,2,6.664409020350408,2,1969,1
954,6,6.887552571664617,0,6.851184927493743,2,1975,1
955,6,7.579678823090456,2,6.88653164253051,2,1946,1
956,6,7.113956109566034,2,6.329720905522696,1,1980,1
957,5,6.963189985870238,2,6.963189985870238,1,1962,1
958,7,7.198183577101943,2,7.198183577101943,2,2003,1
959,7,7.255591274253665,2,6.54534966033442,2,1999,1
960,5,6.754604099487962,0,6.754604099487962,1,1958,1
961,6,7.962763930168115,2,7.1929342212158,2,1977,1
962,6,7.344719054149673,2,6.6895992691789665,2,1976,1
963,9,7.495541943884256,2,7.495541943884256,2,2007,1
964,7,7.546446273746024,2,6.705639094860003,2,2002,1
965,6,7.302496423727326,2,6.663132695990803,2,2005,1
966,5,7.176254532017144,1,6.590301048196686,1,1940,1
967,5,7.001245622069476,1,7.001245622069476,1,1955,1
968,3,6.875232087276577,0,6.396929655216146,1,1910,1
969,6,6.9985096422506015,1,6.376726947898627,1,1958,1
970,4,7.083387847625295,0,6.579251212010101,1,1949,1
971,7,7.3938782901077555,2,6.638567789166521,2,2003,1
972,6,6.822197390620491,1,6.822197390620491,2,1979,1
973,7,7.2640301428995295,2,7.2640301428995295,2,2007,1
974,7,7.610357618312838,2,6.590301048196686,1,1910,1
975,7,7.231287004327616,2,6.511745329644728,2,2000,1
976,4,6.767343125265392,0,6.0867747269123065,1,1923,1
977,7,7.123672785204607,2,7.123672785204607,1,2006,1
978,4,6.795705775173514,2,6.795705775173514,1,1954,1
979,5,7.02197642307216,2,7.02197642307216,1,1963,1
980,7,6.906754778648554,2,6.8501261661455,1,1961,1
981,8,7.867871490396322,3,7.110696122978827,2,1998,1
982,7,7.143617602704121,2,7.143617602704121,2,2007,1
983,8,7.736307096548285,2,7.028201432058005,2,2002,1
984,5,7.458186157340487,2,0.0,2,1977,0
985,5,7.059617628291383,1,7.059617628291383,1,1950,1
986,6,7.399398083331354,1,6.184148890937483,1,1910,1
987,9,7.570443252057374,3,7.5652752818989315,2,2009,1
988,6,7.615791072035833,2,6.742880635791903,2,1976,1
989,7,7.362645270417825,2,6.646390514847729,2,2006,1
990,8,7.779885115070522,3,7.241366283322318,2,1997,1
991,8,7.462789157412448,2,6.82001636467413,1,1882,1
992,6,7.523481312573497,2,6.71174039505618,2,1964,1
993,6,7.313220387090301,2,6.620073206530356,2,2005,1
994,10,7.4489161025442,3,7.438383530044307,2,2006,1
995,4,7.114769448366463,1,6.616065185132817,1,1946,1
996,5,6.956545443151569,1,6.956545443151569,1,1961,1
997,6,7.273786317844895,2,7.273786317844895,2,1970,1
998,3,6.981934677156389,1,6.914730892718563,1,1922,1
999,7,7.0967213784947605,2,7.079184394609668,2,2006,1
1000,3,6.8501261661455,2,0.0,1,1952,0
1001,5,6.53813982376767,1,6.53813982376767,1,1920,1
1002,8,7.3613754289773485,3,7.3613754289773485,2,2006,1
1003,5,7.426549072397305,2,7.426549072397305,2,1976,1
1004,7,7.315883504509785,2,7.204892510204673,2,2005,1
1005,5,6.892641641172089,1,6.892641641172089,2,1977,1
1006,6,7.4127640174265625,2,7.4127640174265625,2,1970,1
1007,4,6.9957661563048505,1,6.302618975744905,1,1970,1
1008,7,7.444248649496705,2,7.444248649496705,2,2004,1
1009,5,7.3277805384216315,0,6.915723448631314,2,1926,1
1010,5,7.147559271189454,1,6.579251212010101,2,1948,1
1011,5,7.416979621381154,0,0.0,2,1965,0
1012,6,7.31455283232408,1,6.400257445308821,1,1923,1
1013,5,6.92951677076365,1,6.92951677076365,1,1910,1
1014,6,6.9865664594064265,1,6.9865664594064265,1,1948,1
1015,8,7.417580402414544,2,6.697034247666484,2,2001,1
1016,7,7.315883504509785,2,7.315883504509785,2,1996,1
1017,8,7.215239978730097,2,7.106606137727303,1,1984,1
1018,7,7.294377299288821,2,5.950642552587727,2,1991,1
1019,7,7.317212408359839,2,7.216709486709457,2,2005,1
1020,4,7.0317412587631285,2,7.0317412587631285,1,2005,1
1021,7,7.106606137727303,2,7.089243155027514,2,2006,1
1022,5,7.129297548929373,1,6.815639990074331,1,1930,1
1023,7,7.315883504509785,2,7.204892510204673,2,2005,1
1024,8,7.971776122880628,2,7.355641102974253,2,1976,1
1025,5,6.782192056006791,2,6.782192056006791,1,1972,1
1026,5,7.142036574706803,2,7.145196134997171,1,1960,1
1027,8,7.406103381237015,3,7.401231264413015,2,2007,1
1028,5,7.226936018493289,1,6.643789733147672,1,1941,1
1029,6,7.1049654482698426,1,6.51025834052315,1,1972,1
1030,5,7.564238475170491,0,6.530877627725885,2,1916,1
1031,7,8.033334015880062,2,6.714170529909472,2,1920,1
1032,8,7.832014180505469,3,7.198931240688173,2,1993,1
1033,7,7.4109518755836366,3,7.4109518755836366,2,2002,1
1034,5,6.860663671448287,1,6.824373670043086,1,1938,1
1035,4,6.739336627357174,1,0.0,1,1957,0
1036,9,7.3901814282264295,3,7.3901814282264295,2,2007,1
1037,8,7.724446645633537,2,6.961296045910167,2,2001,1
1038,4,7.203405521083095,0,6.302618975744905,1,1970,1
1039,4,6.4457198193855785,1,6.4457198193855785,1,1970,1
1040,5,7.497207223203318,2,7.033506484287697,2,1957,1
1041,6,7.397561535524052,2,6.684611727667927,1,1966,1
1042,6,7.174724309836376,2,7.174724309836376,2,2005,1
1043,7,7.753194269884341,2,7.29641326877392,2,1990,1
1044,8,7.8336002236611035,2,7.8336002236611035,2,1981,1
1045,3,7.457609289715606,2,0.0,2,1955,0
1046,9,7.961370201719511,3,7.596894438144544,3,2005,1
1047,5,6.897704943128636,2,6.897704943128636,1,1994,1
1048,5,7.479299637782834,2,0.0,1,1960,0
1049,4,6.835184586147301,1,0.0,1,1946,0
1050,7,7.171656822768514,2,7.171656822768514,2,2007,1
1051,7,7.182352111885263,2,7.182352111885263,2,2007,1
1052,6,7.589335823170617,2,6.704414354964107,1,1964,1
1053,5,7.330405211844402,1,7.103322062526113,1,1957,1
1054,8,7.5953872788539725,2,6.970730078143525,2,2002,1
1055,6,7.328437352895162,2,7.084226422097916,2,1976,1
1056,7,7.218176838403408,2,7.218176838403408,2,2005,1
1057,7,7.52294091807237,2,6.880384082186005,2,1994,1
1058,9,7.688913336864796,3,7.00669522683704,2,2008,1
1059,6,7.596392304064196,2,6.74993119378857,1,1932,1
1060,8,7.198931240688173,2,7.198931240688173,2,2001,1
1061,3,6.795705775173514,3,6.795705775173514,1,1935,1
1062,5,7.756623334538858,2,6.495265555937008,2,1900,1
1063,6,7.005789019253503,2,7.005789019253503,1,1925,1
1064,5,7.050989447068045,2,7.050989447068045,1,1966,1
1065,7,7.723120092266331,2,7.174724309836376,2,1996,1
1066,6,7.359467638255621,2,6.683360945766275,2,1993,1
1067,6,7.384610383176974,2,6.659293919683638,1,1964,1
1068,6,7.83241092718792,2,6.848005274576363,2,1973,1
1069,5,6.794586580876499,2,6.739336627357174,1,1949,1
1070,5,6.954638864880987,1,6.954638864880987,1,1956,1
1071,6,7.349873704738337,2,6.588926477533519,1,1968,1
1072,5,7.283448228756631,1,6.697034247666484,1,1948,1
1073,6,7.262628600974241,2,6.536691597591305,1,1977,1
1074,7,7.122866658599083,3,7.122866658599083,2,2006,1
1075,7,7.461640392208575,1,6.684611727667927,1,1940,1
1076,5,7.290292882446597,2,6.679599185844383,2,1936,1
1077,5,6.999422467507961,1,6.999422467507961,1,1969,1
1078,6,6.742880635791903,2,6.742880635791903,1,2004,1
1079,5,6.897704943128636,1,6.897704943128636,1,1994,1
1080,6,7.1372784372603855,2,7.1372784372603855,2,1971,1
1081,5,6.946975992135418,1,6.946975992135418,1,1963,1
1082,7,7.285506548522785,2,7.285506548522785,2,2002,1
1083,6,7.1316985104669115,1,7.1316985104669115,1,1964,1
1084,6,7.311886164077165,2,6.53813982376767,2,1995,1
1085,6,6.903747257584598,2,6.841615476477592,1,1992,1
1086,4,6.9957661563048505,1,6.302618975744905,1,1973,1
1087,8,7.577121930876679,3,6.9865664594064265,2,2005,1
1088,7,7.443663683115591,2,6.877296071497429,2,2004,1
1089,8,7.1284959456800365,2,7.1284959456800365,1,2005,1
1090,3,6.946975992135418,2,0.0,2,1950,0
1091,7,7.132497551660044,2,6.396929655216146,2,1999,1
1092,6,7.434847875211999,2,7.074116816197362,2,1925,1
1093,5,7.090076835776092,2,6.761572768804055,1,1965,1
1094,5,6.841615476477592,1,6.841615476477592,1,1956,1
1095,6,7.1808311990445555,2,7.1808311990445555,2,2006,1
1096,6,7.2115567333138015,0,6.52795791762255,1,1914,1
1097,8,6.992096427415888,2,6.97914527506881,1,1986,1
1098,4,7.188412736496954,1,6.51025834052315,1,1936,1
1099,7,7.3783837129967145,2,7.147559271189454,2,1978,1
1100,2,6.082218910376446,1,5.66988092298052,1,1920,1
1101,5,6.856461984594587,1,6.856461984594587,1,1971,1
1102,5,7.033506484287697,1,6.917705609835305,1,1960,1
1103,6,7.085064293952548,2,6.484635235635252,1,1959,1
1104,5,7.171656822768514,2,6.4457198193855785,2,1970,1
1105,8,7.871692664323645,2,7.288244401020124,2,1994,1
1106,7,7.273786317844895,2,6.813444599510896,2,1990,1
1107,7,7.611347717403621,2,6.7661917146603505,2,2006,1
1108,6,7.432483807917119,2,6.828712071641684,2,2000,1
1109,8,7.515344571180436,3,7.515344571180436,2,2004,1
1110,6,7.4133673356952405,2,6.650279048587422,2,1995,1
1111,7,7.582738488914411,2,6.688354713946762,2,1976,1
1112,5,6.704414354964107,1,6.704414354964107,1,1957,1
1113,5,6.915723448631314,1,6.915723448631314,1,1953,1
1114,5,6.725033642166843,1,6.725033642166843,1,1954,1
1115,8,7.458186157340487,3,7.458186157340487,2,2007,1
1116,8,7.257707677160043,2,6.0112671744041615,2,2002,1
1117,5,6.795705775173514,2,6.795705775173514,1,1967,1
1118,5,7.3783837129967145,1,6.278521424165844,1,1958,1
1119,5,6.946975992135418,1,6.946975992135418,1,1959,1
1120,6,6.919683849847411,1,6.919683849847411,1,1920,1
1121,7,7.347299700743164,3,7.347299700743164,2,2005,1
1122,4,6.866933284461882,1,6.51025834052315,1,1956,1
1123,5,6.548219102762372,0,6.548219102762372,1,1947,1
1124,7,7.301147805856032,2,5.950642552587727,2,1992,1
1125,4,6.912742820493176,2,6.912742820493176,1,1955,1
1126,7,7.349230824613334,3,7.224753405767971,2,2007,1
1127,7,7.333023014386481,3,7.333023014386481,2,2004,1
1128,7,7.580189417944541,2,6.741700694652055,2,2004,1
1129,5,6.841615476477592,2,6.841615476477592,1,1980,1
1130,4,7.591357046698551,2,7.022868086082641,2,1928,1
1131,5,6.881411303642535,0,6.881411303642535,1,1991,1
1132,6,7.700747794511798,1,6.915723448631314,2,1880,1
1133,8,7.61085279039525,2,7.028201432058005,2,1995,1
1134,6,7.3777589082278725,2,6.82001636467413,2,1997,1
1135,6,6.893656354602635,1,6.866933284461882,1,1926,1
1136,6,7.132497551660044,1,6.939253946041508,1,1950,1
1137,5,6.927557906278317,0,6.659293919683638,1,1875,1
1138,6,7.356918242356021,2,7.356918242356021,2,1977,1
1139,5,7.062191632286556,2,6.818924065275521,1,1920,1
1140,5,6.858565034791365,2,6.858565034791365,1,1951,1
1141,5,7.532623618788788,2,6.659293919683638,2,1976,1
1142,8,7.947325027016463,3,7.290292882446597,3,2006,1
1143,5,6.913737350659685,0,6.913737350659685,1,1959,1
1144,4,6.828712071641684,1,6.51025834052315,1,1941,1
1145,5,7.362645270417825,1,6.948897222313312,1,1928,1
1146,6,7.168579897264035,2,7.168579897264035,2,1985,1
1147,7,7.355001921105257,1,6.556778356158042,1,1941,1
1148,7,7.01301578963963,1,6.349138991379798,1,1926,1
1149,7,7.301147805856032,2,6.476972362889683,1,1920,1
1150,6,6.837332814685591,1,6.837332814685591,1,1950,1
1151,5,7.290292882446597,2,7.290292882446597,1,1959,1
1152,6,7.501634457883413,2,6.9782137426306985,1,1956,1
1153,6,6.704414354964107,1,6.704414354964107,1,1930,1
1154,7,7.506591780070841,2,6.761572768804055,1,1965,1
1155,5,7.270312886079025,2,7.270312886079025,2,1976,1
1156,5,7.142827401161621,2,7.105786129481271,2,1965,1
1157,7,7.1808311990445555,2,7.1808311990445555,2,2007,1
1158,8,7.365180126021013,3,7.365180126021013,2,2007,1
1159,6,7.53689712956617,2,6.803505257608338,2,1974,1
1160,6,7.283448228756631,2,6.75110146893676,2,1978,1
1161,6,7.402451520818244,2,7.16703787691222,1,1954,1
1162,5,6.795705775173514,2,6.795705775173514,1,1968,1
1163,4,7.1372784372603855,2,7.088408778675395,0,1969,1
1164,5,7.266827347520591,2,7.215239978730097,1,1978,1
1165,7,7.31455283232408,2,7.31455283232408,2,2009,1
1166,8,7.434847875211999,3,7.434847875211999,2,2008,1
1167,6,7.421177528595393,2,6.8658910748834385,2,2000,1
1168,6,7.653494909661253,2,7.027314514039777,2,1935,1
1169,10,8.196161139282902,3,7.5652752818989315,3,1995,1
1170,6,7.0192966537150445,1,6.999422467507961,1,1977,1
1171,6,7.13966033596492,2,7.13966033596492,1,1958,1
1172,7,7.1308988302963465,2,6.437751649736401,2,2006,1
1173,5,8.034631032923107,0,7.37650812632622,3,1946,1
1174,6,7.76004068088038,2,6.858565034791365,2,1932,1
1175,8,7.962763930168115,2,7.428333194190806,2,1992,1
1176,5,6.827629234502852,1,6.775366090936392,1,1984,1
1177,6,7.1098794630722715,1,6.706862336602747,1,1926,1
1178,5,7.202661196523238,1,6.594413459749778,1,1921,1
1179,5,7.024649030453636,0,0.0,1,1954,0
1180,7,7.829630389150193,2,7.103322062526113,2,1990,1
1181,8,7.409741954080923,2,7.3777589082278725,2,2008,1
1182,10,8.406485069431817,3,7.78155595923534,3,1996,1
1183,5,7.029972911706386,2,7.02108396428914,1,1920,1
1184,5,7.360103972989152,3,7.360103972989152,1,1963,1
1185,5,7.107425474110705,1,6.664409020350408,1,1924,1
1186,3,7.4377951216719325,2,6.885509670034818,2,1900,1
1187,8,7.392647520721623,3,7.392647520721623,2,1994,1
1188,7,7.414572881350589,2,6.7226297948554485,2,2002,1
1189,7,7.4977617006225685,2,6.901737206656574,2,1999,1
1190,4,7.3914152346753585,4,7.130098510125578,1,1961,1
1191,8,7.273092595999522,2,6.654152520183219,2,1999,1
1192,5,7.294377299288821,1,6.553933404025811,1,1925,1
1193,6,7.1098794630722715,2,7.1098794630722715,2,1999,1
1194,6,7.20934025660291,1,6.4967749901858625,1,1969,1
1195,6,7.283448228756631,2,6.590301048196686,2,2005,1
1196,7,7.529943370601589,3,6.778784897685177,2,2006,1
1197,7,7.432483807917119,1,6.703188113240863,1,1916,1
1198,7,7.10002716662926,2,7.10002716662926,2,2001,1
1199,4,7.231287004327616,2,6.957497370876951,1,1963,1
1200,4,6.761572768804055,1,6.761572768804055,1,1970,1
1201,7,7.483806687665835,2,6.763884908562435,2,1998,1
1202,5,7.206377291472252,1,6.784457062637643,1,1925,1
1203,7,7.396335293800808,2,7.396335293800808,2,2000,1
1204,5,6.97914527506881,2,6.962243464266207,1,1975,1
1205,7,7.694392802629421,3,7.67693714581808,2,1990,1
1206,4,6.962243464266207,1,6.962243464266207,1,1966,1
1207,6,7.438383530044307,2,7.427738840532894,2,2003,1
1208,5,7.1569563646156364,2,6.836259277277067,1,1962,1
1209,8,7.414572881350589,2,7.414572881350589,2,2006,1
1210,6,7.520234556474628,2,6.961296045910167,2,1992,1
1211,8,7.468513271496337,2,6.326149473155099,2,1988,1
1212,4,6.51025834052315,1,6.51025834052315,1,1941,1
1213,4,6.866933284461882,1,6.473890696352274,0,1965,1
1214,5,6.906754778648554,1,6.829793737512425,1,1962,1
1215,5,6.795705775173514,1,6.795705775173514,1,1966,1
1216,6,7.550661243105336,2,0.0,2,1978,0
1217,8,7.1808311990445555,2,7.170119543449628,2,2009,1
1218,4,6.815639990074331,0,0.0,1,1947,0
1219,6,7.1049654482698426,0,6.51025834052315,1,1971,1
1220,5,6.815639990074331,1,6.815639990074331,1,1964,1
1221,5,7.099201743553092,1,6.858565034791365,1,1968,1
1222,6,7.520776415062797,1,6.946975992135418,2,1949,1
1223,5,7.666690200080086,2,7.666690200080086,2,1951,1
1224,7,7.306531398939505,2,6.669498089857879,2,2004,1
1225,6,7.037027614686276,1,6.376726947898627,1,1958,1
1226,6,7.566828479208331,3,6.795705775173514,2,2007,1
1227,5,6.815639990074331,2,6.815639990074331,1,1965,1
1228,9,7.43955930913332,3,7.43955930913332,1,2008,1
1229,5,7.317876198626496,1,6.980075940561763,2,1960,1
1230,5,7.8709295967551425,2,7.215975002651466,2,1977,1
1231,5,7.081708586105575,2,7.00850518208228,1,1962,1
1232,4,7.1098794630722715,2,0.0,2,1962,0
1233,5,7.080026499922591,2,7.080026499922591,1,1959,1
1234,5,7.582738488914411,0,6.84587987526405,1,1911,1
1235,5,7.486613313139955,1,6.616065185132817,1,1914,1
1236,7,7.3938782901077555,2,6.638567789166521,2,2003,1
1237,7,7.5745584842024805,2,6.741700694652055,2,2004,1
1238,6,7.039660349862076,2,7.039660349862076,1,2005,1
1239,8,7.302496423727326,2,7.297091005160418,2,2006,1
1240,7,7.477604243197589,2,6.784457062637643,2,2003,1
1241,7,7.4318919168078,3,7.4318919168078,2,2007,1
1242,7,7.067319848653476,2,6.959398512133975,2,1974,1
1243,10,7.638198244285779,3,7.638198244285779,2,2006,1
1244,8,7.324489979348532,2,6.674561391814426,1,1929,1
1245,6,7.532623618788788,2,6.371611847231857,3,1984,1
1246,7,7.347943823148687,2,6.628041376179533,2,2005,1
1247,6,6.9411900550683745,3,6.919683849847411,1,1976,1
1248,6,7.629489916393995,2,6.5998704992128365,1,1917,1
1249,5,6.895682697747868,1,6.775366090936392,1,1950,1
1250,7,7.6544432264701125,2,7.6544432264701125,2,1968,1
1251,7,7.247792581767846,2,7.247792581767846,2,2003,1
1252,5,6.773080375655535,1,6.761572768804055,1,1968,1
1253,7,7.681099001536359,2,7.083387847625295,2,1974,1
1254,7,7.412160334945205,2,6.61472560020376,2,2003,1
1255,6,7.220373836723949,1,6.784457062637643,1,1931,1
1256,8,7.594381242551817,2,7.593877844605118,2,1994,1
1257,5,6.761572768804055,0,6.761572768804055,1,1922,1
1258,7,7.061334366910438,2,6.752270376141742,2,2005,1
1259,6,6.960347729101308,2,6.960347729101308,1,1969,1
1260,6,7.423568444259167,2,6.734591659972948,2,1999,1
1261,5,6.956545443151569,1,6.956545443151569,1,1956,1
1262,4,7.488852955733459,1,7.00669522683704,1,1957,1
1263,6,7.508787170634276,2,6.638567789166521,1,1919,1
1264,6,7.198183577101943,2,7.247792581767846,2,1998,1
1265,7,7.280697195384741,2,6.53813982376767,2,1999,1
1266,7,7.543802867501509,1,6.829793737512425,1,1910,1
1267,9,7.609862200913554,3,7.601901959875166,2,2008,1
1268,8,8.145259566516865,3,6.590301048196686,3,1935,1
1269,5,7.329093736246592,1,6.773080375655535,1,1958,1
1270,7,7.329093736246592,2,7.194436851100335,0,1979,1
1271,6,7.305860032684009,2,7.305860032684009,2,1968,1
1272,5,6.840546529288687,1,6.840546529288687,1,1965,1
1273,6,7.213031659834869,1,6.926577033222725,1,1959,1
1274,5,7.1308988302963465,2,6.493753839851686,2,1910,1
1275,5,7.560080465021827,2,6.833031732786201,2,1948,1
1276,6,7.240649694255466,2,6.583409222158765,1,1972,1
1277,6,7.452402451223638,2,7.426549072397305,1,1967,1
1278,8,7.616283561580385,2,7.028201432058005,2,2002,1
1279,4,7.028201432058005,2,6.548219102762372,1,1920,1
1280,7,7.360739903058278,2,7.360739903058278,2,2002,1
1281,7,7.199678345691172,2,7.1770187659099,2,1990,1
1282,5,6.946975992135418,2,6.946975992135418,2,1977,1
1283,6,7.508787170634276,0,6.815639990074331,2,1971,1
1284,6,7.802618063442671,1,6.6895992691789665,2,1919,1
1285,6,7.252762418053187,1,6.659293919683638,1,1939,1
1286,6,7.191429330036379,2,7.191429330036379,1,1963,1
1287,5,7.366445148327599,2,7.392647520721623,2,1964,1
1288,8,7.413970290190444,2,7.313886831633462,2,2000,1
1289,8,7.585788821732034,3,6.98933526597456,2,2006,1
1290,5,7.049254841255837,2,7.049254841255837,1,1964,1
1291,5,7.171656822768514,1,6.4457198193855785,2,1972,1
1292,5,7.771488760117616,1,6.901737206656574,2,1892,1
1293,7,7.416979621381154,2,6.723832440821209,2,1976,1
1294,5,6.761572768804055,2,6.761572768804055,1,1955,1
1295,5,6.9584483932976555,1,6.9584483932976555,1,1968,1
1296,5,7.028201432058005,2,7.02108396428914,2,1963,1
1297,6,6.977281341630747,2,6.304448802421981,2,2005,1
1299,5,7.1276936993473985,1,7.1276936993473985,1,1959,1
1300,7,7.592366128519796,2,6.885509670034818,2,1999,1
1301,6,7.309212365692763,1,6.647688373563329,1,1942,1
1302,8,7.8343923029104365,3,7.060476365999801,2,1994,1
1303,7,7.38770923908104,3,7.38770923908104,2,2005,1
1304,7,7.443078374348516,2,6.883462586413092,2,2004,1
1305,9,7.409741954080923,2,7.409741954080923,2,2006,1
1306,7,7.221105098182496,2,7.221105098182496,2,2005,1
1307,5,6.897704943128636,2,6.897704943128636,1,1994,1
1308,5,7.022868086082641,2,6.828712071641684,1,1948,1
1309,6,7.165493475060845,2,7.15305163493748,2,1991,1
1310,7,7.550661243105336,2,7.550661243105336,2,1959,1
1311,7,7.149916836132109,2,7.149916836132109,2,2005,1
1312,8,7.940939762327791,2,7.2813856635702825,2,1990,1
1313,9,7.8628820346414905,3,7.239214973779806,2,1999,1
1314,4,6.854354502255021,1,6.854354502255021,1,1954,1
1315,6,7.655390644826152,2,6.858565034791365,2,1969,1
1316,8,7.396335293800808,3,7.3914152346753585,2,2008,1
1317,7,7.20934025660291,2,7.20934025660291,2,2006,1
1318,8,7.488293515159428,3,7.469083884921234,2,2001,1
1319,4,6.854354502255021,1,6.761572768804055,1,1954,1
1320,6,7.298445101508147,2,7.298445101508147,1,1957,1
1321,3,6.579251212010101,1,0.0,1,1949,0
1322,7,7.56164174558878,2,6.620073206530356,2,1992,1
1323,4,6.56244409369372,0,6.040254711277414,1,1940,1
1324,8,7.492760300922379,3,7.492760300922379,2,2006,1
1325,4,6.679599185844383,0,6.679599185844383,1,1922,1
1326,3,6.651571873589727,0,6.298949246855942,1,1931,1
1327,5,6.704414354964107,1,6.704414354964107,1,1982,1
1328,6,7.934513463882263,2,7.31986492980897,2,1920,1
1329,7,7.397561535524052,2,6.840546529288687,2,1998,1
1330,8,7.370230641807081,3,7.370230641807081,2,2006,1
1331,5,6.860663671448287,2,6.814542897259958,1,1976,1
1332,4,6.704414354964107,1,6.704414354964107,1,1938,1
1333,5,7.215239978730097,1,6.688354713946762,1,1938,1
1334,5,7.21890970761906,2,6.639875833826536,1,1970,1
1335,6,7.195937226475569,2,7.2078598714324755,2,1977,1
1336,5,7.412160334945205,2,7.412160334945205,2,1973,1
1337,4,6.541029999189903,0,6.541029999189903,1,1941,1
1338,7,7.528869256642251,2,6.82001636467413,2,2002,1
1339,5,6.761572768804055,1,6.761572768804055,1,1972,1
1340,4,6.77078942390898,4,6.754604099487962,1,1971,1
1341,6,7.01571242048723,2,7.01571242048723,1,2003,1
1342,8,7.682021510826875,2,7.157735484249907,2,2002,1
1343,6,7.556427969440253,2,6.79794041297493,1,1928,1
1344,7,7.283448228756631,2,6.590301048196686,2,2006,1
1345,4,6.866933284461882,1,6.866933284461882,1,1920,1
1346,7,7.6760099320288875,2,7.357556200910353,2,1968,1
1347,8,7.4821189235521155,3,7.4570320891223805,2,2006,1
1348,7,7.309212365692763,2,7.301147805856032,2,1998,1
1349,8,7.765569081097317,0,6.52795791762255,2,1872,1
1350,5,7.876258882303226,4,7.129297548929373,2,1969,1
1351,6,7.447751280047908,2,6.754604099487962,1,1962,1
1352,6,7.069874128458572,2,6.548219102762372,1,1937,1
1353,8,8.08271113423758,3,7.617267813628347,2,1995,1
1354,7,7.5310163320779155,3,6.899723107284872,2,2000,1
1355,7,7.560080465021827,2,6.345636360828596,3,1968,1
1356,5,6.79346613258001,1,6.761572768804055,1,1966,1
1357,5,6.982862751468942,2,6.982862751468942,1,1971,1
1358,6,7.360739903058278,2,6.628041376179533,2,2000,1
1359,9,7.590852123688581,3,7.590852123688581,2,2004,1
1360,5,7.8636512654486515,2,6.416732282512326,3,1921,1
1361,7,7.333023014386481,2,7.333023014386481,2,2005,1
1362,4,7.460490305825338,1,6.5722825426940075,2,1920,1
1363,6,7.252762418053187,2,6.423246963533519,2,2006,1
1364,7,7.090076835776092,2,6.396929655216146,2,2005,1
1365,7,7.422971251049421,2,6.70196036600254,2,2000,1
1366,7,7.489970898834801,2,6.771935555839602,2,1999,1
1367,5,7.29641326877392,1,6.6293632534374485,2,1977,1
1368,6,6.742880635791903,2,6.742880635791903,1,2003,1
1369,8,7.419380582918692,2,7.4127640174265625,2,2003,1
1370,4,7.2254814727822945,1,6.733401891837359,1,1920,1
1371,6,7.415175109613295,1,6.899723107284872,1,1955,1
1372,7,7.64826303090192,2,7.010311867307229,2,1998,1
1373,10,7.87587915949631,3,7.87587915949631,2,2001,1
1374,7,7.579678823090456,3,6.933423025730715,2,2005,1
1375,8,7.359467638255621,3,7.359467638255621,2,2007,1
1376,6,6.672032945461067,1,6.643789733147672,1,1930,1
1377,5,7.38025578842646,2,6.891625897052253,2,1941,1
1378,6,6.894670039433482,1,6.180016653652572,1,1973,1
1380,3,6.761572768804055,1,6.761572768804055,1,1914,1
1381,6,7.6577552711348655,2,7.094234845924755,2,1970,1
1382,7,7.474204806496124,2,6.39024066706535,1,1920,1
1383,5,7.255591274253665,2,6.704414354964107,2,1918,1
1384,6,7.1372784372603855,1,6.327936783729195,1,1939,1
1385,4,7.050989447068045,1,6.679599185844383,1,1922,1
1386,7,7.931644021454311,2,7.238496840894365,3,1978,1
1387,6,7.8343923029104365,1,6.570882962339584,2,1916,1
1388,9,7.465082736399547,3,7.465082736399547,2,2006,1
1389,6,7.1049654482698426,2,6.5998704992128365,1,1941,1
1390,7,7.329749689041512,2,7.329749689041512,2,2000,1
1391,5,7.367708572374371,3,7.367708572374371,2,1967,1
1392,5,6.802394763324311,1,6.761572768804055,1,1967,1
1393,6,7.555905093611346,2,6.1779441140506,2,1905,1
1394,7,7.313220387090301,3,7.212294468500341,2,2006,1
1395,8,7.8168199657645525,3,6.9975959829819265,2,2005,1
1396,5,7.430707082545968,2,6.616065185132817,1,1948,1
1397,5,7.321849713788356,1,6.844815479208263,1,1920,1
1398,5,7.55171221535131,1,7.0967213784947605,1,1950,1
1399,6,7.382746449738912,1,6.883462586413092,2,1925,1
1400,6,7.05444965813294,1,6.759255270663693,1,1929,1
1401,6,7.373374309910049,2,6.732210706467206,2,2004,1
1402,7,7.165493475060845,2,7.1592919047975645,2,2006,1
1403,8,7.288927694521257,3,7.3031700512368,2,2007,1
1404,3,7.101675971619444,3,6.51025834052315,1,1915,1
1405,8,7.406103381237015,2,7.374001859350161,2,2004,1
1406,5,6.643789733147672,2,6.643789733147672,1,1972,1
1407,5,6.725033642166843,0,6.725033642166843,1,1985,1
1408,4,7.217443431696533,2,6.432940092739179,1,1910,1
1409,7,7.646353722445999,2,6.673297967767654,2,1986,1
1410,7,7.517520850603031,2,6.8501261661455,2,2001,1
1411,6,7.419380582918692,1,6.752270376141742,1,1950,1
1412,4,6.946975992135418,2,0.0,2,1949,0
1413,8,7.519692404116539,2,7.519692404116539,2,2005,1
1414,6,7.521859252201629,2,6.725033642166843,1,1923,1
1415,7,7.358193752733032,3,7.234177179749849,2,2007,1
1416,4,7.736307096548285,2,6.655440350367647,2,1885,1
1417,8,7.803843303538772,3,7.157735484249907,2,1998,1
1418,5,7.042286171939743,1,7.042286171939743,1,1963,1
1419,6,7.519692404116539,2,7.519692404116539,2,1969,1
1420,6,7.255591274253665,2,6.56244409369372,2,1968,1
1421,6,6.974478911025045,2,6.974478911025045,2,1977,1
1422,6,6.742880635791903,2,6.742880635791903,1,2003,1
1423,6,7.696667081526462,2,6.546785410760524,2,1966,1
1424,5,7.203405521083095,1,6.931471805599453,1,1958,1
1425,6,7.132497551660044,2,7.132497551660044,1,1959,1
1426,7,7.6624678152002375,2,7.109062135687172,2,1994,1
1427,5,7.351158226430694,1,6.816735880594968,1,1945,1
1428,5,6.6895992691789665,1,6.669498089857879,1,1940,1
1429,6,7.272398392570047,2,7.272398392570047,2,1981,1
1430,5,7.516433302915632,2,6.595780513961311,2,2005,1
1431,6,6.86484777797086,2,6.86484777797086,2,1976,1
1432,4,6.875232087276577,1,6.486160788944089,2,1927,1
1433,6,7.491087593534876,2,6.841615476477592,2,2000,1
1434,5,7.026426808699636,2,7.026426808699636,2,1977,1
1435,6,7.337587743538596,2,7.1846291527173145,1,1962,1
1436,4,6.761572768804055,2,6.761572768804055,1,1971,1
1437,8,7.566311014772463,3,7.566311014772463,2,2008,1
1438,6,7.119635638017636,2,6.815639990074331,1,1957,1
1439,7,7.45298232946546,2,6.289715570908998,2,1979,1
1440,6,7.845807502637805,2,6.376726947898627,2,1922,1
1441,6,6.742880635791903,2,6.742880635791903,1,2004,1
1442,10,7.604396348796338,3,6.92461239604856,2,2008,1
1443,6,6.858565034791365,1,6.858565034791365,1,1916,1
1444,7,7.259819610363186,2,7.259819610363186,2,2004,1
1445,6,6.816735880594968,1,6.70196036600254,1,1966,1
1446,5,7.080026499922591,1,7.080026499922591,1,1962,1
1447,8,7.644919344958857,2,7.106606137727303,2,1995,1
1448,4,7.204892510204673,1,6.327936783729195,1,1910,1
1449,5,6.4457198193855785,0,6.4457198193855785,1,1970,1
1450,5,7.491087593534876,0,6.79794041297493,2,1974,1
1451,8,7.363913501405819,3,7.360739903058278,2,2008,1
1452,5,6.977281341630747,2,6.304448802421981,1,2005,1
1453,5,7.038783541388542,0,7.038783541388542,1,2006,1
1454,7,7.107425474110705,2,7.107425474110705,2,2004,1
1455,6,7.4067107301776405,2,6.859614903654202,2,1999,1
1456,6,7.636752112435779,2,7.340835554123275,2,1978,1
1457,7,7.757906208351747,1,7.049254841255837,2,1941,1
1458,5,6.982862751468942,1,6.982862751468942,1,1950,1
1459,5,7.135687347028144,1,7.135687347028144,1,1965,1
